﻿SCHOOL_NAME,SCHOOL_ADDRESS,city,state,ZIP_CODE,country,phone,website,CONTACT_PERSON,role,EMAIL_ADDRESS,latitude,longitude,ObjectId,x,y
Masjid Al-Muhajireen,"3777 W Columbus Ave, Chicago, IL 60652",Chicago,Illinois,60652,United States,773-581-1083,https://www.masjidmuhajireen.org/,,,info@masjidmuhajireen.org,41.739776,-87.7155782,1,-87.7155782,41.739776
Islamic Society of Midwest,"501 Midway Dr, Mt Prospect, IL 60056",Mt Prospect,Illinois,60056,United States,201-238-6203,https://www.islamicsom.org/,,,info@islamicsom.org,42.0253357,-87.9434368,2,-87.9434368,42.0253357
Masom | Midwest Association of Shia Organized Muslims,"4353 W Lawrence Ave, Chicago, IL 60630",Chicago,Illinois,60630,United States,847-507-2171,https://masom.com/,,,secretary@masom.com,41.9678728,-87.7375263,3,-87.7375263,41.9678728
Masjid At-Tawheed Chicago,"8726 S Halsted St, Chicago, IL 60620",Chicago,Illinois,60620,United States,773-487-9368,https://www.masjidattawheedchicag.org/,,,tawheedislamicenter@gmail.com,41.7350411,-87.6438717,4,-87.6438717,41.7350411
Masjid Abbu Bakar Siddiq R. A,"1017 W Roscoe St, Chicago, IL 60657",Chicago,Illinois,60657,United States,312-281-9551,,,,,41.9434203,-87.6551266,5,-87.6551266,41.9434203
Dar Al Taqwa,"10740 MD-108, Ellicott City, MD 21042",Ellicott City,Maryland,21042,United States,410-997-5711,https://taqwa.net/,,,info@taqwa.net,39.2364783,-76.884707,6,-76.884707,39.2364783
Makki Masjid,"3418 W Ainslie St, Chicago, IL 60625",Chicago,Illinois,60625,United States,773-588-8865,https://makkimasjid.com/,,,info@makkimasjid.com,41.9704076,-87.7143712,7,-87.7143712,41.9704076
Downtown Islamic Center,"231 S State St Floor 4th, Chicago, IL 60604",Chicago,Illinois,60604,United States,312-939-9095,https://www.dtislamiccenter.org/,,,info@dic-chicago.org dic231@gmail.com,41.878699,-87.627247,8,-87.627247,41.878699
Masjid e Ayesha Chicago,"Chicago, IL 60659",Chicago,Illinois,60659,United States,773-691-8218,https://www.turabi.org/home,,,masjideayesha@turabi.org,41.9909198,-87.7024817,9,-87.7024817,41.9909198
Turkish American Cultural Alliance,"3745 N Harlem Ave, Chicago, IL 60634",Chicago,Illinois,60634,United States,509-695-1487,https://www.tacaonline.org/,,,taca@tacaonline.org,41.9483895,-87.8071043,10,-87.8071043,41.9483895
ICNA-Chicago,"6224 N California Ave, Chicago, IL 60659",Chicago,Illinois,60659,United States,866-497-9037,https://www.icnachicago.org/,,,,41.994752,-87.699804,11,-87.699804,41.994752
Nigerian Islamic Association,"932 W Sheridan Rd, Chicago, IL 60613",Chicago,Illinois,60613,United States,773-665-2451,https://www.nigeriaislamicassociation.org/,,,niaexecutiveboard@gmail.com,41.9529492,-87.6535236,12,-87.6535236,41.9529492
Islamic Center of Mchenry County,"East St, Crystal Lake, IL 60014",Crystal Lake,Illinois,60014,United States,815-893-6005,https://icmc-us.org/,,,admin@icmc-us.org,42.243613,-88.311117,13,-88.311117,42.243613
Masjid Wali Hasan | Islamic Center of Decatur,"1635 Huston Dr, Decatur, IL 62526",Decatur,Illinois,62526,United States,217-877-2863,https://masjidwh.org/,,,contact@masjidwalihasan.org,39.879168,-88.9345795,14,-88.9345795,39.879168
Islamic Community of Center of Des Plains,"480 Potter Rd, Des Plaines, IL 60016",Des Plains,Illinois,60016,United States,847-824-1100,https://iccofdesplaines.org/,,,admin@islamiccommunitycenter.com,42.0454049,-87.8608835,15,-87.8608835,42.0454049
Institute of Islamic Education | Masjid Al-Islam,"1048 Bluff City Blvd, Elgin, IL 60120",Elgin,Illinois,60120,United States,847-695-4685,https://www.islamicedu.org/,,,admissions@islamicedu.org lie.office@islamicedu.org,42.0198561,-88.2507956,16,-88.2507956,42.0198561
Islamic Community Center,"345 Heine Ave, Elgin, IL 60123",Elgin,Illinois,60123,United States,847-695-3338,https://www.iccelgin.com/,,,,42.0426695,-88.312883,17,-88.312883,42.0426695
Dar-Us-Sunnah Masjid and Comm Center,"2045 Brown Ave, Evanston, IL 60201",Evanston,Illinois,60201,United States,773-554-8254,https://www.darussunnah.org/,,,zahmed22@sbcglobal.net,42.0553859,-87.6999117,18,-87.6999117,42.0553859
Islamic Education Center | Husaini Association of Greater Chicago,"1269 Goodrich Ave, Glendale Heights, IL 60139",Glendale Heights,Illinois,60139,United States,630-469-5533,https://www.iechusaini.org/,,,,41.905839,-88.0571657,19,-88.0571657,41.905839
Msulim Society,"1785 Bloomingdale Rd, Glendale Heights, IL 60139",Glendale Heights,Illinois,60139,United States,630-653-7872,https://www.muslimsocietyinc.org/,,,,41.9240867,-88.080725,20,-88.080725,41.9240867
Birmingham Islamic Society-Weekend Islamic school,"2524 Hackberry Ln, Hoover, AL 35226",Hoover,Alabama,35226,United States,1 205-879-4247,https://www.bisweb.org/wis/,Nasim Uddin,President,nasim.uddin@bisweb.org,33.4194263,-86.8147379,21,-86.8147379,33.4194263
Albanian American Islamic Center,"W St Charles Rd, Illinois 60148",Hillsdale,Illinois,60163,United States,708-544-2609,https://albanianamericanislamiccenter.com/,,,abdulbaseer12@yahoo.com,41.8866749,-88.0300954,22,-88.0300954,41.8866749
Islamic Foundation North,"1751 O'Plaine Rd, Libertyville, IL 60048",Liberryville,Illinois,60048,United States,847-406-3730,https://ifnonline.com/,,,ifnmasjid@ifnonline.com,42.3279858,-87.9131442,23,-87.9131442,42.3279858
Al-Masjidul-Huq,"1620 S Highland Ave, Lombard, IL 60148",Lombard,Illinois,60148,United States,630-519-4336,https://www.masjidhaqq.org/,,,masjidhaqq@gmail.com,41.8518928,-88.012457,24,-88.012457,41.8518928
Masjid DarusSalam,"21W308 North Ave, Lombard, IL 60148",Lombard,Illinois,60148,United States,630-847-6492,,,,info@dsfnd.org,41.904732,-88.040111,25,-88.040111,41.904732
Islamic Center of Macomb,"601 Wigwam Hollow Rd, Macomb, IL 61455",Macomb,Illinois,61455,United States,309-833-3875,https://www.islammacomb.org/,,,msa@wiu.edu,40.4668819,-90.6940791,26,-90.6940791,40.4668819
Masjid Al-Ihsan | Islamic Center of Quad Cities,"6005 34th Ave, Moline, IL 61265",Moline,Illinois,61265,United States,309-792-1690,https://icqconline.org/,Br. Djima Bello,Chairman,imamicqc@gmail.com emaanali98@gmail.com,41.479094,-90.4559493,27,-90.4559493,41.479094
Muslim Education Center,"8601 Menard Ave, Morton Grove, IL 60053",Morton Grove,Illinois,60053,United States,847-470-8801,https://mccchicago.org/,,,,42.0375308,-87.7711868,28,-87.7711868,42.0375308
Islamic Center of Naperville-Al-Hilal,"2844 W Ogden Ave, Naperville, IL 60540",Naperville,Illinois,60540,United States,630-428-3733,https://islamiccenterofnaperville.org/,,,,41.753877,-88.201401,29,-88.201401,41.753877
Islamic Center of Naperville,"25W530 75th St, Naperville, IL 60565",Naperville,Illinois,60565,United States,630-355-3733,https://islamiccenterofnaperville.org/,,,,41.7492808,-88.1215595,30,-88.1215595,41.7492808
Islamic Cultural Center of Greater Chicago,"N Pfingsten Rd, Deerfield, IL 60015",Northbrook,Illinois,60062,United States,847-272-0319,https://islamiccenterofnaperville.org/,,,,42.1572468,-87.8462059,31,-87.8462059,42.1572468
The Prayer Center of Orland Park,"16530 104th Ave, Orland Park, IL 60467",Orland Park,Illinois,60467,United States,708-349-6592,https://orlandparkprayercenter.org/,,,info@op-pc.org,41.5895557,-87.8723519,32,-87.8723519,41.5895557
Islamic Center of Peoria,"Peoria, IL 61605",Peoria,Illinois,61605,United States,309-688-4605,https://icpeoria.org/,,,info@icpeoria.org,40.6696506,-89.6392863,33,-89.6392863,40.6696506
Islamic Foundation of Peoria,"823 West Salaam Drive, Peoria, IL 61615",Peoria,Illinois,61615,United States,309-691-8195,https://ifpeoria.org/,,,drazizrehman@yahoo.com imam@imammazhar.com,40.7868283,-89.6052238,34,-89.6052238,40.7868283
Al-Aqsa Community Center,"17940 Bronk Rd, Plainfield, IL 60586",Plainfield,Illinois,60586,United States,815-230-0786,https://plainfieldmasjid.com/,,,info@plainfieldmasjid.com,41.5568569,-88.1910565,35,-88.1910565,41.5568569
Islamic Information Center of America,"830 E Old Willow Rd, Prospect Heights, IL 60070",Prospect Heights,Illinois,60070,United States,847-541-8141,https://www.iica.org/,,,info@iica.org,42.1037529,-87.8943922,36,-87.8943922,42.1037529
Muslim Community Center of Rockford,"5921 Darlene Dr, Rockford, IL 61109",Rockford,Illinois,61109,United States,815-397-3311,https://magr.org/,,,info@magr.org,42.2358376,-89.0008272,37,-89.0008272,42.2358376
Islamic Society of Northwest Suburbs,"3890 Industrial Ave, Rolling Meadows, IL 60008",Rolling Meadows,Illinois,60008,United States,847-253-6400,https://www.isns.org/,,,communications@isns.org,42.0960932,-88.0299293,38,-88.0299293,42.0960932
Masjid Al-Huda | Midwest Islamic Center,"1081 W Irving Park Rd, Schaumburg, IL 60193",Schaumburg,Illinois,60193,United States,630-529-1786,https://masjidalhuda.org/,,,info.masjid@masjidalhuda.org,41.9977557,-88.1186927,39,-88.1186927,41.9977557
Islamic Society of Greater Springfield,"3000 Stanton St, Springfield, IL 62703",Springfield,Illinois,62703,United States,217-529-8970,https://isogs.org/,,,isogs@outlook.com,39.7619569,-89.6249011,40,-89.6249011,39.7619569
Bait Ul Ilm Islamic Center,"485 S Bartlett Rd, Streamwood, IL 60107",Streamwood,Illinois,60107,United States,630-669-6343,https://www.baitulilm.org/,,,mfaezi@baitulilm.org,42.0241098,-88.1808508,41,-88.1808508,42.0241098
Central Illinois Mosque & Islamic Center,"106 S Lincoln Ave, Urbana, IL 61801",Urbana,Illinois,61801,United States,217-782-6562,https://www.cimic.org/,,,cimic@cimic.org,40.1116699,-88.2189195,42,-88.2189195,40.1116699
Islamic Foundation,"300 W Highridge Rd, Villa Park, IL 60181",Villa Park,Illinois,60181,United States,630-782-6562,https://www.islamicfoundation.org/,,,hisham@islamicfoundation.org,41.8681693,-87.9857727,43,-87.9857727,41.8681693
Islamic Center of Western Suburbs,"28W774 Army Trail Rd, West Chicago, IL 60185",West Chicago,Illinois,60185,United States,630-402-0805,https://www.icwsmasjid.org/,,,info@icwsmasjid.org,41.9442008,-88.1840499,44,-88.1840499,41.9442008
Muslim Education Cultural Center of America,"720 E Plainfield Rd, Countryside, IL 60525",Willowsbrook,Illinois,60527,United States,630-241-2000,https://meccacenter.org/,,,ilmeccacenter@gmail.com,41.7978785,-87.8591632,45,-87.8591632,41.7978785
Al Hira Community Center,"140 E Commercial St, Wood Dale, IL 60191",Wood Dale,Illinois,60191,United States,630-350-7860,http://www.alhiracommunitycenter.org/,Mohammad Iqbal Chohan,President,,41.9643158,-87.9771158,46,-87.9771158,41.9643158
Islamic Center of Bloomington,"Bloomington, IN",Bloomington,Indiana,47401,United States,812-333-1611,https://www.icob.org/,,,Contact@icob.org,39.165325,-86.5263857,47,-86.5263857,39.165325
Islamic Society of Columbus In,"1531 13th St, Columbus, IN 47201",Columbus,Indiana,47201,United States,269-779-7439,https://www.iscindiana.org/,,,contact@iscindiana.org,39.2111538,-85.9072928,48,-85.9072928,39.2111538
Northwest Indiana Islamic center,"9803 Colorado St, Crown Point, IN 46307",Crown Point,Indiana,46307,United States,219-756-7622,https://nwiic.org/,,,info@nwiic.org,41.4396175,-87.2949725,49,-87.2949725,41.4396175
Al Huda Foundation,"12201 Lantern Rd, Fishers, IN 46038",Fishers,Indiana,46038,United States,317-570-9100,https://alhudafoundation.org/,,,info@alhudafoundation.org techsupport@alhudafoundation.org,39.9646192,-86.0127457,50,-86.0127457,39.9646192
Gary Muslim Center,"1473 W 15th Ave, Gary, IN 46407",Gary,Indiana,46407,United States,219-885-3018,http://garymuslimcenter.com/,,,,41.5875742,-87.3556982,51,-87.3556982,41.5875742
Illiana Islamic Association,"9606 Spring St, Highland, IN 46322",Highland,Indiana,46322,United States,219-924-2940,https://www.highlandmasjid.org/,,,info@highlandmasjid.org,41.5387627,-87.4693955,52,-87.4693955,41.5387627
Nur-Allah Islamic Center,"2040 E 46th St, Indianapolis, IN 46205",Indianapolis,Indiana,46205,United States,317-251-9796,http://nurallah.org/,,,nur-allah@att.net,39.8404073,-86.1261377,53,-86.1261377,39.8404073
Masjid Al-Fajr,"2846 Cold Spring Rd, Indianapolis, IN 46222",Indianapolis,Indiana,46222,United States,317-855-9934,https://theimcaonline.org/,,,info@theimcaonline.org,39.8073707,-86.2036589,54,-86.2036589,39.8073707
Masjid Al-Mumineen,"4088 Millersville Rd, Indianapolis, IN 46205",Indianapolis,Indiana,46205,United States,317-545-4252,https://www.masjidmumineen.com/,,,masjidalmumineenindy@gmail.com,39.8304053,-86.1209334,55,-86.1209334,39.8304053
Masjid An-Nur,"5250 Lafayette Rd, Indianapolis, IN 46254",Indianapolis,Indiana,46254,United States,317-328-7983,https://masjidnoorindy.org/,,,,39.8472467,-86.2559516,56,-86.2559516,39.8472467
"Muslim Community Center, Indianapolis","4836 Mt Vernon Dr, Indianapolis, IN 46227",Indianapolis,Indiana,46227,United States,317-786-8911,http://www.taqwacenter.com/,,,mcci4u@gmail.com,39.6953235,-86.1462664,57,-86.1462664,39.6953235
Zainabia Center for Momin,"4444 W 56th St, Indianapolis, IN 46254",Indianapolis,Indiana,46254,United States,,https://www.zainabiacenter.org/,,,12thimamfollower@gmail.com,39.8540292,-86.2360745,58,-86.2360745,39.8540292
Al Haqq FOundation,"5554 Georgetown Rd, Indianapolis, IN 46254",Indianapolis,Indiana,46254,United States,317-822-8161,http://www.alhaqqfoundation.net/,Muhammad Ndiaye,Director,alhaqqfoundation@yahoo.com,39.8526215,-86.2402519,59,-86.2402519,39.8526215
Kendallville Masjid | American Moslem Society Indiana,"Kendallville, IN 46755",Kendallville,Indiana,46755,United States,260-242-1433,,,,,41.4452015,-85.2929384,60,-85.2929384,41.4452015
Islamic Center of Michigan City,"1606 N 500 E, Michigan City, IN 46360",Michigan City,Indiana,46360,United States,219-879-9667,https://islamiccenterofmichigancity.org/,,,syedshahicmc@tgmail.com,41.6669525,-86.9728292,61,-86.9728292,41.6669525
Islamic Center of Muncie,"Hessler Rd, Indiana 47304",Muncie,Indiana,47305,United States,765-288-8014,https://icmuncie.weebly.com/,,,islamiccenterfmuncie@gmail.com,40.2190859,-85.4465444,62,-85.4465444,40.2190859
Islamic Center of Evansville,"4200 Grimm Rd, Newburgh, IN 47630",Newburgh,Indiana,47630,United States,812-853-8806,https://www.isevv.org/,,,zbfarooqui@gmail.com sundayschoolevl@gmail.com,37.9739399,-87.4315037,63,-87.4315037,37.9739399
Islamic Society of North America,"Cartersburg, IN 46168",Plainfield,Indiana,46168,United States,,https://isna.net/,,,info@isna.net,39.698657,-86.4636075,64,-86.4636075,39.698657
Masjid Al-Noor | Islamic Society of Michina,"3310 Hepler St, South Bend, IN 46635",South Bend,Indiana,46635,United States,574-272-0569,http://www.michianamuslims.org/,,,contact@michianamuslims.org,41.7018519,-86.2030159,65,-86.2030159,41.7018519
AL-ILM Weekend School,"4950 W 34th Pl, Indianapolis, IN 46224",Indianapolis,Indiana,46224,United States,317-672-0488,https://alilmschool.org/,,,support@alilmschool.org,39.8180717,-86.2439502,66,-86.2439502,39.8180717
Shia Islamic Center of Michigan City,"613 Greentree Dr, Trail Creek, IN 46360",Trail Creek,Indiana,46360,United States,219-879-9667,https://islamiccenterofmichigancity.org/,,,syedshahicmc@tgmail.com,41.6900192,-86.8560836,67,-86.8560836,41.6900192
Islamic Society of Greater Lafayette,"1022 1st Street, West Lafayette, IN 47906",West Lafayette,Indiana,47906,United States,765-743-8650,https://www.masjidisgl.org/index,,,admin@masjidisgl.org,40.4254697,-86.9187811,68,-86.9187811,40.4254697
Masjid Darul Arqum | Islamic Community of Quad Cities,"1212 Iowa Ave, Ames, IA 50014",Ames,Iowa,50014,United States,515-292-3683,http://new.arqum.org/index.cfm,,,info@arqum.org,42.0338493,-93.6584823,69,-93.6584823,42.0338493
Muslim Community Center of Quas Cities,"2115 Kimberly Rd, Twin Falls, ID 83301",Bettendorf,Iowa,52782,United States,563-359-8123,https://mcqc.org/,,,info@mcqc.org,42.5485309,-114.4424607,70,-114.4424607,42.5485309
Mother Mosque of North America,"1335 9th St NW, Cedar Rapids, IA 52405",Cedar Rapids,Iowa,52405,United States,319-366-3150,https://www.crmosque.org/,,,info@crmosque.com,41.9863699,-91.6842883,71,-91.6842883,41.9863699
Muslim American Society of Iowa,"2121 N Towne Ln NE, Cedar Rapids, IA 52402",Cedar Rapids,Iowa,52402,United States,319-892-0256,https://masiowa.org/,,,info@masiowa.org,42.0324982,-91.6717922,72,-91.6717922,42.0324982
Islamic Society of Clinton County,"1500 2nd Ave S, Clinton, IA 52732",Clinton,Iowa,52732,United States,563-243-8421,https://www.ciciowa.org/,,,anisansari5@gmail.com,41.8446447,-90.221188,73,-90.221188,41.8446447
Tri-State Islamic Center,"805 Century Dr #101, Dubuque, IA 52002",Dubuque,Iowa,52002,United States,815-501-4563,https://tristateislamic.center/,,,info@tristateislamic.center,42.493742,-90.7268111,74,-90.7268111,42.493742
Masjid Al-Iman | Al-Iman Center of Iowa,"1812 W Benton St, Iowa City, IA 52246",Iowa City,Iowa,52246,United States,319-354-6167,https://iowacitymosque.org/index.html,,,iowacitymosque@yahoo.com,41.6499093,-91.5653174,75,-91.5653174,41.6499093
Mosque of Sious City,"1219 Jones St, Sioux City, IA 51105",Sioux City,Iowa,51105,United States,712-234-1670,,,,,42.5037414,-96.4011589,76,-96.4011589,42.5037414
Islamic Center of Des Moines,"6201 Franklin Ave, Des Moines, IA 50322",Urbandale,Iowa,50322,United States,515-255-0212,https://www.islamiccenterdm.com/,,,icdm.support@gmail.com,41.6115792,-93.7030984,77,-93.7030984,41.6115792
Masjid Al Noor | Islamic Center of Waterloo,"2110 Sager Ave, Waterloo, IA 50701",Waterloo,Iowa,50701,United States,319-233-6640,https://masjidalnooriowa.org/,,,masjidwcf@gmail.com,42.4987204,-92.3941853,78,-92.3941853,42.4987204
Islamic Center of Emporia,"1125 Mechanic St, Emporia, KS 66801",Emporia,kansas,66801,United States,620-343-9229,https://www.islamiccenteremporia.org/,,,icek1234ks@yahoo.com,38.411945,-96.1790917,79,-96.1790917,38.411945
Az-Zahra Islamic Center,"8350 Leavenworth Rd, Kansas City, KS 66109",Kansas City,kansas,66109,United States,913-440-4786,https://www.az-zahraa.org/,,,,39.1440915,-94.7730772,80,-94.7730772,39.1440915
Islamic Center of Lawrence,"1917 Naismith Dr, Lawrence, KS 66046",Lawrence,kansas,66046,United States,785-749-1638,https://iclks.org/,,,info@islamicsocietylawrence.org,38.9495698,-95.2516725,81,-95.2516725,38.9495698
Islamic Center of Leavenworth,"545 Oregon St, Leavenworth, KS 66048",Leavenworth,kansas,66048,United States,913-683-0905,http://leavenworthmuslims.weebly.com/,,,info@leavenworthmuslims.org,39.2829707,-94.9114445,82,-94.9114445,39.2829707
Islamic Center of Manhattan,"1224 Hylton Heights Rd, Manhattan, KS 66502",Manhattan,kansas,66502,United States,785-340-5774,https://icmks.org/blog/,,,info@icmks.org,39.1926246,-96.6042441,83,-96.6042441,39.1926246
Islamic Center of Kansas,"14750 W 143rd St, Olathe, KS 66062",Olathe,kansas,66062,United States,913-390-5055,https://ickansas.org/,,,info@ickansas.org,38.8698168,-94.7569081,84,-94.7569081,38.8698168
Islamic Center of Johnson Country,"W 151st St, Illinois",Overland Park,kansas,662211,United States,913-239-0770,https://www.icjc.org/,,,icjcounty@hotmail.com,41.6148027,-87.9177341,85,-87.9177341,41.6148027
Shawnee Mission Islamic Education Center,"13420 Oak St, Lenexa, KS 66215",Shawnee Mission,kansas,66215,United States,913-303-0162,https://smiec.org/,,,info@smiec.org,38.9595118,-94.7413248,86,-94.7413248,38.9595118
Islamic Center of Topeka,"1115 SE 27th St, Topeka, KS 66605",Topeka,kansas,66605,United States,785-233-1171,http://topekamosque.org/,,,islamiccenteroftopeka@gmail.com,39.0187295,-95.6629375,87,-95.6629375,39.0187295
Masjid Al-Noor | Islamic Society of Wichita,"3104 E 17th St N, Wichita, KS 67214",Wichita,kansas,67214,United States,316-516-8939,https://www.myisw.org/,,,officemanager@myisw.org,37.7157467,-97.2999417,88,-97.2999417,37.7157467
Islamic Society of Wichita Falls,"Wichita Falls, TX 76308",Wichita Falls,kansas,76308,United States,,https://www.islamicsocietywf.org/,,,,33.8511616,-98.544636,89,-98.544636,33.8511616
Bosnian Islamic Center of Bowling Green,"115 Dishman Ln, Bowling Green, KY 42101",Bowling Green,Kentucky,42101,United States,270-799-4852,http://www.bicbg.org/,,,bicbg@izbsa.com,36.9595761,-86.4900373,90,-86.4900373,36.9595761
Islamic Center of Northern Kentucky,"8142 Mall Rd, Florence, KY 41042",Burlington,Kentucky,41042,United States,,https://www.icnky.com/,,,,38.9839923,-84.6492598,91,-84.6492598,38.9839923
Islamic Center of Danville,"Ben Ali Dr, Danville, KY 40422",Danville,Kentucky,40422,United States,606-936-1694,https://www.danvillemasjid.com/,,,contact@danvillemasjid.com,37.6496147,-84.8070376,92,-84.8070376,37.6496147
Islamic Center of Elizabethtown,"2816 Ring Rd, Elizabethtown, KY 42701",Elizabethtown,Kentucky,42701,United States,270-765-7190,https://sites.google.com/view/etownmasjid,,,muhammadibrahimsheikh1997@gmail.com,37.72075,-85.8389856,93,-85.8389856,37.72075
Islamic Center of Frankfort,"Islamic Center of Frankfort, 741 Schenkel Ln, Frankfort, KY 40601",Frankfort,Kentucky,40601,United States,502-227-8641,https://www.islamiccenterfrankfortky.org/,,,,38.2178567,-84.8399519,94,-84.8399519,38.2178567
Masjid Bilal Ibn Rabah,"1545 Russell Cave Rd, Lexington, KY 40505",Lexington,Kentucky,40505,United States,770-629-2220,https://masjidbilalibnrabaah.com/,,,info@masjidbilalibnrabaah.com,38.0737221,-84.4753006,95,-84.4753006,38.0737221
Islamic Center of Lexington,"649 S Limestone, Lexington, KY 40508",Lexington,Kentucky,40508,United States,240-317-7299,https://www.iclpmd.org/,,,iclpmd@gmail.com,38.0363814,-84.5081474,96,-84.5081474,38.0363814
Muslim Community Center of Louisville,"8215 Old Westport Rd, Louisville, KY 40222",Louisville,Kentucky,40222,United States,502-412-7825,https://www.mcclou.org/,,,mcclouky@gmail.com,38.2785691,-85.5983869,97,-85.5983869,38.2785691
Islamic Cultural Center of Louisville,"4007 Upper River Rd, Louisville, KY 40207",Louisville,Kentucky,40207,United States,502-442-1718,https://www.louisvilleislamiccenter.org/,,,mosque.riverroad@gmail.com,38.2783602,-85.6855033,98,-85.6855033,38.2783602
Abubakar Islamic Center of Louisville,"Louisville, KY 40214",Louisville,Kentucky,40214,United States,502-442-1718,http://www.aicl.webs.com/,,,osmannoor29@yahoo.com,38.1459555,-85.7769164,99,-85.7769164,38.1459555
Al-Zaharah Islamic Education Center,"4010 Bishop Ln, Louisville, KY 40218",Louisville,Kentucky,40218,United States,502-969-2199,https://www.elzahra.org/?page_id=1701,,,info@elzahra.org,38.1885818,-85.6927202,100,-85.6927202,38.1885818
Bosnian American Islamic Center,"5927 Six Mile Ln, Louisville, KY 40218",Louisville,Kentucky,40218,United States,502-495-5092,https://sites.google.com/view/baic-new/home?authuser=0,,,baic@dzematlouisville.org,38.1966499,-85.6501024,101,-85.6501024,38.1966499
Masjid Al Farooq | Islamic Center of Eastern Kentucky,"8 Masjid Ave, Prestonsburg, KY 41653",Prestonsburg,Kentucky,41653,United States,606-889-0626,,,,,37.6742442,-82.8031456,102,-82.8031456,37.6742442
Islamic Center of Richmond,"203 Hanover Ave, Richmond, KY 40475",Richmond,Kentucky,40475,United States,859-625-0353,https://www.icrva.org/,,,info@icrva.org,37.7359753,-84.281391,103,-84.281391,37.7359753
Masjid Al Taqwa,"47 St Clair Ave, New Britain, CT 06051",New Britain,Connecticut,6051,United States,860-223-9131,http://www.altaqwamasjid.com/,,,masjidaltaqwa@ymail.com,41.6852065,-72.7592649,104,-72.7592649,41.6852065
Islamic Association of Greater Hartford,"1781 Berlin Turnpike #0, Berlin, CT 06037",Berlin,Connecticut,6037,United States,860-829-6411,https://berlinmosque.org/,,,berlinmo@berlinmosque.org,41.603109,-72.751505,105,-72.751505,41.603109
Jafaria Association of Connecticut,"1 Meriden Rd, Rockfall, CT 06481",Rockfall,Connecticut,6481,United States,203-468-2961,https://jaoct.org/,,,jafariacenter@jaoct.org,41.5484369,-72.6938647,106,-72.6938647,41.5484369
Monre Masjid,"57 Pepper St, Monroe, CT 06468",Monroe,Connecticut,6468,United States,981-787-52625,https://www.monroemasjid.org/,,,monroemasjid@gmail.com,41.3226526,-73.2601636,107,-73.2601636,41.3226526
Islamic Society of Stamford,"82 Harbor Dr, Stamford, CT 06902",Stamford,Connecticut,6902,United States,203-255-4327,https://www.stamfordislamiccenter.com/,,,info@stamfordislamiccenter.com,41.0377627,-73.5293935,108,-73.5293935,41.0377627
Islamic Center of Tuscaloosa,"1416 Paul W Bryant Dr, Tuscaloosa, AL 35401",Tuscaloosa,Alabama,35401,United States,1 205 886 0596,https://istuscaloosa.org,,,support@istuscaloosa.org,33.2068501,-87.5558584,109,-87.5558584,33.2068501
Stamford Islamic Center,"10 Outlook St, Stamford, CT 06902",Stamford,Connecticut,6902,United States,203-975-2642,https://www.stamfordislamiccenter.com/,,,info@stamfordislamiccenter.com,41.0408666,-73.5595037,110,-73.5595037,41.0408666
Fahed Al Aoida School,"E 80th Ave, Anchorage, AK 99518",Anchorage,Alaska,99518,United States,907-250-3664,https://alaskamasjid.org/FahedAlAodaSchool.html,Dali Osmane,In Charge,alaskamuslimcommunity@yahoo.com,61.1483494,-149.8640232,111,-149.8640232,61.1483494
Masjid 'Eesa ibn Maryam | NYC Muslim Center,"90-20 191st St, Jamaica, NY 11423",Hollis,New York,11423,United States,718-776-7291,https://www.masjideesa.org/,,,info@masjidEesa.org,40.7132376,-73.7696026,112,-73.7696026,40.7132376
ICNEV LEARNING CENTER - Islamic Center North East Valley,"12125 E Vía Linda, Scottsdale, AZ 85259",Chandler,Arizona,85259,United States,(602) 456-0199,https://islamcenter.com/icnev-learning-center,,In Charge,pr@islamcenter.com,33.5892363,-111.8187643,113,-111.8187643,33.5892363
United Muslim Masjid,"132 Prospect St, Waterbury, CT 06710",Waterbury,Connecticut,6710,United States,203-756-6365,https://www.ummonline.org/,,,info@ummonline.org,41.5602422,-73.0400032,114,-73.0400032,41.5602422
Islamic Community Center of Phoenix,"7516 N Black Cyn Hwy, Phoenix, AZ 85051",Phoenix,Arizona,8505,United States,(602) 249-0496,https://iccpaz.com/school/,,,info@iccpaz.com,33.5465429,-112.1127951,115,-112.1127951,33.5465429
Masjid Al-Mostafa,"120 Schraffts Dr, Waterbury, CT 06705",Waterbury,Connecticut,6705,United States,203-597-7676,https://www.iasconnect.org/,,,iascmasjidmustafa@gmail.com Iasconnect@sbcglobal.net,41.5413189,-72.9908347,116,-72.9908347,41.5413189
Bentonville Islamic Center,"1801 SW 2nd St, Bentonville, AR 72712",Bentonville,Arkansas,72712,United States,1 (479) 385-6242,https://bic-ar.org/,,,bicnwa@gmail.com,36.3713189,-94.2347567,117,-94.2347567,36.3713189
Islamic Center of Fort Collins,"925 W Lake St, Fort Collins, CO 80521",Fort Collins,Colorado,80521,United States,1 (970) 221-2425,https://www.icfc.org/,,,info@icfc.org,40.5684445,-105.0944398,118,-105.0944398,40.5684445
Albanian American Culture & Islamic Center,"106 Columbia Blvd, Waterbury, CT 06710",Waterbury,Connecticut,6710,United States,203-755-0687,https://albanianamericanislamiccenter.com/,,,office@albanianilamiccenter.com,41.568212,-73.0422803,119,-73.0422803,41.568212
South Denver Islamic Center,"Greenwood Village, CO 80155",Green Wood,Colorado,80155,United States,720-772-7342,https://www.khadeejah.org/,Mohammad Waseem Khan,President,,39.5969612,-104.8603104,120,-104.8603104,39.5969612
New Haven Islamic Center,"2 Pruden St, West Haven, CT 06516",West Haven,Connecticut,6516,United States,203-937-5799,https://www.nhicct.org/,,,info@nhicct.org,41.2926328,-72.9626887,121,-72.9626887,41.2926328
Cresent View Academy,"10958 E Bethany Dr, Aurora, CO 80014",Aurora,Colorado,80014,United States,(303) 745-2245,http://crescentview.org/,Iyad Wazwaz,Principal,info@crescentview.org,39.6628965,-104.8608766,122,-104.8608766,39.6628965
Islamic Society of Central Delaware,"7953 S Dupont Hwy, Felton, DE 19943",Felton,Delaware,19943,United States,302-382-2977,http://www.isocde.org/,,,inquiry@isocde.org,39.0558174,-75.555122,123,-75.555122,39.0558174
Metropolitan Denver North Islamic Center,"11141 Irma Dr, Northglenn, CO 80233",Northglenn,Colorado,80233,United States,303-920-0252,www.masjidikhlas.org,,,ikhlasacademy@masjidikhlas.org,39.8982844,-104.966958,124,-104.966958,39.8982844
Masjid Ibrahim | Islamic Society of Delaware,"28 Salem Church Rd, Newark, DE 19713",Newark,Delaware,19713,United States,302-733-0273,https://isdonline.org/masjid-ibrahim,,,info@isdonline.org,39.6758791,-75.6961224,125,-75.6961224,39.6758791
Quba Masjid,"Hayes, UK",Alameda,California,94550,United States,44(0) 208 150 9299,https://www.qubamasjid.com/qubamadrasah/,,,info@qubamasjid.com,51.516758,-0.436786,126,-0.436786,51.516758
Masjid Isa ibn-e-Maryam Foundation,"706 S Old Baltimore Pike, Newark, DE 19702",Newark,Delaware,19702,United States,302-786-5202,https://tarbiyahschool.org/,,,admin@masjidsa.org,39.6452537,-75.7161536,127,-75.7161536,39.6452537
Masjid Al Taqwa,"2181 Lake Ave, Altadena, CA 91001",Altadena,California,91001,United States,310-904-9288,http://altaqwamasjid.com/,Br. Mohammad Iqbal Lakhani,In Charge,milakhani21@yahoo.com,34.1833803,-118.1318577,128,-118.1318577,34.1833803
Masjid Al Kauthar,"2102 Northeast Blvd, Wilmington, DE 19802",Wilmington,Delaware,19802,United States,302-571-0532,https://masjidalkauthar.org/,,,weekendschool@masjidalkauthar.org,39.7464751,-75.530445,129,-75.530445,39.7464751
The Islamic Shoura Council of Bakersfield,"701 Ming Ave #146, Bakersfield, CA 93307",Bakersfield,California,93307,United States,661-303-1543,http://www.iscob.org/school.html,,,info@iscob.org,35.3392281,-119.0101214,130,-119.0101214,35.3392281
First Hijrah Muslim Community Center,"4324 Georgia Ave NW, Washington, DC 20011",Washington,DC,20011,United States,703-933-0501,https://firsthijrah.org/,,,info@firsthijrah.org,38.943623,-77.026252,131,-77.026252,38.943623
Al-Iman Sunday School (Yassen Foundation),"1722 Gilbreth Rd, Burlingame, CA 94010",Belmont,California,94002,United States,650-797-0681,https://www.yaseen.org/programs/al-iman-school,,Principal,principal@alimanislamicschool.org,37.599325,-122.3740648,132,-122.3740648,37.599325
Masjid Ush Shura | Islamic Center of Greater Southest,"3109 Martin Luther King Jr Ave SE, Washington, DC 20032",Washington,DC,20032,United States,202-487-1024,https://masjidashshura.org/,,,masjidashshurava@gmail.com,38.8437004,-76.999572,133,-76.999572,38.8437004
Brentwood Muslim Community Center - (Weekend School),"7701 Lone Tree Wy, Brentwood, CA 94513",Brentwood,California,94513,United States,925-298-2622,https://brmcc.org/#,Fahim Choudhary,In Charge,info@brmcc.org,37.9612158,-121.7105947,134,-121.7105947,37.9612158
Masjid Muhammad,"Washington, DC 20001",Washington,DC,20001,United States,202-483-8832,https://thenationsmosque.org/,,,info@thenationsmosque.com,38.912068,-77.0190228,135,-77.0190228,38.912068
Islamic Center of Boca Raton,"3100 NW 5th Ave, Boca Raton, FL 33431",Boca Raton,Florida,33431,United States,561-395-7221,https://icbr.org/,,,masjid@icbr.org,26.3797549,-80.093365,136,-80.093365,26.3797549
Alhuda Islamic Center | Florida Islamic Education Center,"831 E Palmetto Park Rd, Boca Raton, FL 33432",Boca Raton,Florida,33432,United States,561-361-7033,https://www.alhudaglobalschool.org/,,,global@alhuda.org,26.3508261,-80.0727435,137,-80.0727435,26.3508261
American Islamic Center of Florida,"807 N Federal Hwy, Boca Raton, FL 33432",Boca Raton,Florida,33432,United States,561-900-4330,https://aicfmasjid.com/,,,aicfmails@gmail.com,26.3582841,-80.0857223,138,-80.0857223,26.3582841
Assalam Center of Boca Raton,"1499 NW 4th Ave, Boca Raton, FL 33432",Boca Raton,Florida,33432,United States,561-391-8285,https://assalamcenter.org/,,,AssalamCenter96@gmail.com,26.3644535,-80.0942232,139,-80.0942232,26.3644535
Bonita Masjid,"28181 Pine Haven Way 137 0, Bonita Springs, FL 34135",Bonita Springs,Florida,34135,United States,2394448588,https://www.bonitamasjid.com/,,,info@Bonitamasjid.biz,26.329329,-81.7720241,140,-81.7720241,26.329329
Al-Amin Center of Florida,"8101 S Military Trl, Boynton Beach, FL 33436",Boynton Beach,Florida,33436,United States,551-859-2296,https://www.alamincenterflorida.org/,,,info@alamincenter.cemcastbiz.net,26.5560258,-80.1174282,141,-80.1174282,26.5560258
Islamic Center of Brandon,"613 E Morgan St, Brandon, FL 33510",Brandon,Florida,33510,United States,321-243-0693,https://www.brandonmasjid.org/,,,admin@brandonmasjid.org,27.939709,-82.2759446,142,-82.2759446,27.939709
Islamic Center of Clermont,"15128 Lost Lake Rd, Clermont, FL 34711",Clermont,Florida,34711,United States,407-267-8320,https://clermontmasjid.org/,,,haseebikhan@yahoo.com,28.5271756,-81.704122,143,-81.704122,28.5271756
Islamic Center of South Lake County,"1208 Bowman St, Clermont, FL 34711",Clermont,Florida,34711,United States,352-636-4956,https://www.icoslc.com/,Bro. Amzad Raymond Ally,Chairman,imamshady@yahoo.com,28.5507181,-81.7528705,144,-81.7528705,28.5507181
Nur Ul Islam Masjid | Nur Ul Islam of South Florida,"10600 SW 59th St, Davie, FL 33328",Cooper City,Florida,33328,United States,954-434-3855,https://nurulislam.org/,,,nurulislamfl@gmail.com,26.0450708,-80.2883583,145,-80.2883583,26.0450708
Islamic Center of Daytona,"Daytona Beach, FL 32114",Daytona Beach,Florida,32114,United States,386-252-3501,https://ic-db.weebly.com/,,,info@ic-db.org,29.1987957,-81.0423429,146,-81.0423429,29.1987957
Islamic Society of Cental Florida,"1350 Gilpin Ct, Deltona, FL 32725",Deltona,Florida,32725,United States,386-860-3501,https://iscf.org/,,,,28.9011185,-81.2696707,147,-81.2696707,28.9011185
Association of Islamic Charitable projects,"2820 Griffin Rd, Fort Lauderdale, FL 33312",Fort Lauderdale,Florida,33312,United States,954-986-1373,https://www.aicp.org/,,,musallaassultan@gmail.com,26.0620527,-80.1793765,148,-80.1793765,26.0620527
Masjid Al Iman of Fort Lauderdale,"2542 Franklin Dr, Fort Lauderdale, FL 33311",Fort Lauderdale,Florida,33311,United States,954-581-6295,https://masjidaliman.com/,,,office@masjidaliman.com,26.1347264,-80.1768521,149,-80.1768521,26.1347264
Islamic Center of Broward,"8658 NW 44th St, Sunrise, FL 33351",Fort Lauderdale,Florida,33351,United States,954-741-4214,http://icbfl.com/,,,icbflorida@gmail.com,26.1783721,-80.2660636,150,-80.2660636,26.1783721
Islamic Center for Peace,"2056 Linhart Ave, Fort Myers, FL 33901",Fort Myers,Florida,33901,United States,239-671-1761,https://iscf.org/,,,madarani@ic-eace.com,26.6247974,-81.8707899,151,-81.8707899,26.6247974
Center for Islam & Cultural Awareness,"2371 Crawford St, Fort Myers, FL 33901",Fort Myers,Florida,33901,United States,239-334-8778,https://cicaftmyers.org/,,,cicaftmyers.fl@gmail.com,26.6355457,-81.8647159,152,-81.8647159,26.6355457
House of the Believesrs - Islamic Center of Fort Pierce,"3607 Oleander Ave, Fort Pierce, FL 34982",Fort Pierce,Florida,34982,United States,772-465-9200,https://www.icfp-fl.com/,,,houseofthebelievers@gmail.com,27.3927265,-80.3347034,153,-80.3347034,27.3927265
Islamic Center of Muslim Friends,"Fort Pierce, FL 34950",Ft. Pierce,Florida,34950,United States,772-462-0242,https://icgmasjid.org/,,,info@icgmasjid.org,27.4414482,-80.3268812,154,-80.3268812,27.4414482
Hoda Center,"5220 SW 13th St, Gainesville, FL 32608",Gainesville,Florida,32608,United States,352-377-8080,https://hodacenter.org/,,,hodacenter@hotmail.com,29.6047666,-82.342879,155,-82.342879,29.6047666
Islamic Center of Gainesville,"Gainesville, FL 32601",Gainesville,Florida,32601,United States,352-372-1980,https://www.iccgfl.org/,,,socialcoordinator@iccgfl.org,29.6422516,-82.3289111,156,-82.3289111,29.6422516
Islamic Jaffaria Association,"10554 NW 132nd St, Hialeah, FL 33018",Hialeah Gardens,Florida,33018,United States,305-557-6835,https://www.ijamiami.org/,,,events@ijamiami.org taqi@ijamiami.org,25.8929451,-80.3710411,157,-80.3710411,25.8929451
Islamic Movement of Florida,"3201 NW 74th Ave, Hollywood, FL 33024",Hollywood,Florida,33024,United States,954-894-9110,https://www.imof.org/,,,info@IMOF.org,26.0377444,-80.2365098,158,-80.2365098,26.0377444
Jamaat Ul Muttaqeen,"1010 SW 196th Ave #0, Pembroke Pines, FL 33029",Pembroke Pines,Florida,33029,United States,954-447-1789,https://mjum.org/,,,mjum1010@gmail.com,25.9987737,-80.4092174,159,-80.4092174,25.9987737
Masjid Ul Munineen,"12850 SW 268th St, Homestead, FL 33032",Homestead,Florida,33032,United States,305-246-5814,https://www.masjidulmumineen.org/,,,homesteadmasjid@yahoo.com,25.5179387,-80.3998087,160,-80.3998087,25.5179387
Masjid Al-Ansar,"9801 Old Baymeadows Rd Bldg 2 Apt 17, Jacksonville, FL 32256",Jacksonville,Florida,32256,United States,904-997-9487,https://alansarmosque.sg/,,,mail@alansar.mosque.sg,30.2216269,-81.5562506,161,-81.5562506,30.2216269
Masjid Al-Salaam,"1625 N Pearl St, Jacksonville, FL 32206",Jacksonville,Florida,32206,United States,904-646-3462,https://www.bcmaburnaby.org/,,,burnaby@thebcma.com,30.3440345,-81.6585347,162,-81.6585347,30.3440345
Islamic Center of Ne Florida,"2333 St Johns Bluff Rd S, Jacksonville, FL 32246",Jacksonville,Florida,32211,United States,904-646-0980,https://icnef.org/,,,info@icnef.org,30.3075837,-81.5251635,163,-81.5251635,30.3075837
Masjid Al Noor,"3496 Polynesian Isle Blvd, Kissimmee, FL 34746",Kissimmee,Florida,34746,United States,407-879-0807,https://www.masjid-alnoor.org/,,,info@masjid-alnoor.org,28.3460122,-81.4883604,164,-81.4883604,28.3460122
Masjid Taqwa | Islamic Center of Osceola County,"2417 N Central Ave, Kissimmee, FL 34741",Kissimmee,Florida,34741,United States,407-944-4353,https://masjidtaqwa.org/,,,info@masjidtaqwa.org,28.318038,-81.4086336,165,-81.4086336,28.318038
Masjid Assunah,"1535 Pleasant Hill Rd, Kissimmee, FL 34741",Kissimmee,Florida,34741,United States,407-935-0337,https://masjidassunnah-fl.com/,,,,28.2640189,-81.4356885,166,-81.4356885,28.2640189
Masjid Al-Bir | Al-Bir Islamic Association,"4870 Old Tampa Hwy, Kissimmee, FL 34758",Kissimmee,Florida,34758,United States,407-879-0807,https://www.albirr.com/,,,info@albirr.com,28.25776,-81.4779701,167,-81.4779701,28.25776
Masjid Darul Uloom | Islamic Center of Kissimmee,"2350 Old Vineland Rd, Kissimmee, FL 34746",Kissimmee,Florida,34746,United States,407-390-1100,https://darululoomflorida.org/,,,imam@darululoomflorida.org,28.3138501,-81.4615805,168,-81.4615805,28.3138501
Leesburg Islamic Center,"2201 Montclair Rd, Leesburg, FL 34748",Leesburg,Florida,34748,United States,352-255-4708,https://loudounislamiccenter.org/,,,info@loudoumislamiccenter.org,28.8159195,-81.8977564,169,-81.8977564,28.8159195
Islamic Society of Brevard County,"550 E Florida Ave, Melbourne, FL 32901",Melbourne,Florida,32901,United States,321-984-4129,https://www.isbcmelbourne.org/,,,info@isbcmelbourne.org,28.05736,-80.6125231,170,-80.6125231,28.05736
Masjid Al-Ansar,"5245 NW 7th Ave, Miami, FL 33127",Miami,Florida,33127,United States,305-757-8741,https://alansarmosque.sg/,,,mail@alansar.mosque.sg,25.823906,-80.2078709,171,-80.2078709,25.823906
Nigerian Islamic Society,"2410 NW 93rd St, Miami, FL 33147",Miami,Florida,33147,United States,773-665-2451,https://www.nigeriaislamicassociation.org/,,,niaexecutiveboard@gmail.com,25.858424,-80.2385282,172,-80.2385282,25.858424
American Muslim Association of North America,"183 NE 166th St, Miami, FL 33162",Miami,Florida,33162,United States,305-945-0414,https://www.imana.org/,,,hq@imana.org education@imana.org,25.9274632,-80.1965215,173,-80.1965215,25.9274632
Masjid An-Noor | The Islamic Center of Miami,"11699 SW 147th Ave, Miami, FL 33196",Miami,Florida,33196,United States,305-408-0400,https://islamicschoolofmiami.org/,,,secretary@islamicschoolofmiami.org,25.6590518,-80.429419,174,-80.429419,25.6590518
Masjid Miami | Muslim Communitites Association of South Florida,"7350 NW 3rd St, Miami, FL 33126",Miami,Florida,33126,United States,305-261-7622,https://www.miamimuslim.org/,,,info@miamimuslim.org,25.7734083,-80.3147169,175,-80.3147169,25.7734083
Masjid Al-Hijrah | Caribben-American Islamic Association,"6128 SW 27th St, Miramar, FL 33023",Miami,Florida,33023,United States,121-766-5454,https://alhijrahtrust.org/,,,admin@alhijrahtrust.org,25.9854772,-80.2099744,176,-80.2099744,25.9854772
Islamic Center of Naples,"Naples, FL 34104",Naples,Florida,34104,United States,239-732-7136,https://icnaples.org/,Br. Mohammed Usman,President,islamic.center.naples@gmail.com,26.1527657,-81.7404134,177,-81.7404134,26.1527657
Islamic Center of New Port Richey,"4715 Grand Blvd, New Port Richey, FL 34652",New Port Richey,Florida,34652,United States,727-834-9200,https://www.icnpr.org/,,,askimamicnpr@gmail.com,28.227567,-82.7245562,178,-82.7245562,28.227567
Islamic Center of Ocala,"1410 NE 14th St, Ocala, FL 34470",Ocala,Florida,34470,United States,352-671-7817,https://islamiccenterofocala.org/,,,icoo.contact@gmail.com,29.2000968,-82.1191189,179,-82.1191189,29.2000968
Islamic Center of Orange Park,"Lake City, FL 32055",Orange Park,Florida,32055,United States,904-330-4847,https://icopfl.org/,Asad Haque,Vice President,icopfl786@gmail.com,30.2730727,-82.605118,180,-82.605118,30.2730727
Masjid Al-Quddus | Islamic Society of Central Florida,"S Parramore Ave, Orlando, FL 32805",Orlando,Florida,32807,United States,407-273-8363,https://iscf.org/masjid/masijid-al-quddus/,,,imamkhan@iscf.org,28.5286599,-81.3888721,181,-81.3888721,28.5286599
Jama Masjid | Islamic Center of Orlando,"11543 Ruby Lake Rd, Orlando, FL 32836",Orlando,Florida,32836,United States,407-238-2700,https://www.icorlando.org/,,,info@icorlando.org,28.3984454,-81.5028205,182,-81.5028205,28.3984454
Masjid Al-Rahim | Islamic Society of Central Florida,"4962 Old Winter Garden Rd, Orlando, FL 32811",Orlando,Florida,32811,United States,407-523-7882,https://iscf.org/,Asad Haque,Vice President,icopfl786@gmail.com,28.542377,-81.4460469,183,-81.4460469,28.542377
Masjid Malik | Islamic Society of central Florida,"2018 Rouse Rd, Orlando, FL 32817",Orlando,Florida,32817,United States,407-277-0133,https://iscf.org/,Asad Haque,Vice President,icopfl786@gmail.com,28.5732051,-81.2247963,184,-81.2247963,28.5732051
Masjid Al-Rahman | Islamic Society of central Florida,"1089 N Goldenrod Rd, Azalea Park, FL 32807",Orlando,Florida,32807,United States,407-273-7750,https://iscf.org/,Asad Haque,Vice President,icopfl786@gmail.com mail@iscf.org,28.5581781,-81.2853792,185,-81.2853792,28.5581781
Masjid Al-Haq | Islamic Society of central Florida,"545 W Central Blvd, Orlando, FL 32801",Orlando,Florida,32801,United States,407-835-9600,https://iscf.org/,Asad Haque,Vice President,icopfl786@gmail.com mail@iscf.org,28.5423282,-81.38681,186,-81.38681,28.5423282
Masjid Al-Aziz | Islamic Society of central Florida,"9501 Satellite Blvd Unit 110, Orlando, FL 32837",Orlando,Florida,32837,United States,,https://iscf.org/,Asad Haque,Vice President,icopfl786@gmail.com mail@iscf.org,28.4205406,-81.4007073,187,-81.4007073,28.4205406
Bay County Islamic Society,"3312 Token Rd, Panama City, FL 32405",Panama City,Florida,32405,United States,850-785-8085,https://baycountyislamicsociety.net/,,,info@baycountyislamicsociety.net imamamr@gmail.com,30.2080904,-85.6700152,188,-85.6700152,30.2080904
Islamic Center of Pinellass Park,"7400 62nd Terrace N, Pinellas Park, FL 33781",Pinellas Park,Florida,33781,United States,727-520-6615,https://ispc-fl.org/,,,info@ispc-fl.org,27.8292046,-82.7402019,189,-82.7402019,27.8292046
Islamic Community of Sw Florida,"25148 Harbor View Rd, Port Charlotte, FL 33980",Port Charlotte,Florida,33980,United States,941-625-8855,http://www.islamicswfl.com/site/,,,azharsudedar@gmail.com,26.9727912,-82.0369928,190,-82.0369928,26.9727912
Masjid Al-Salam | Islamic Society of Cental Florida,"2917 S Orlando Dr, Sanford, FL 32773",Sanford,Florida,32773,United States,,https://iscf.org/masjid/masjid-al-salaam/,Asad Haque,Vice President,icopfl786@gmail.com mail@iscf.org,28.7732792,-81.2779724,191,-81.2779724,28.7732792
Islamic Society of Sarasota & Bradenton,"4350 N Lockwood Ridge Rd, Sarasota, FL 34235",Sarasota,Florida,34234,United States,941-351-3393,https://issb.net/,,,info@issb.net,27.3723722,-82.5040895,192,-82.5040895,27.3723722
Masjid Al-Jaber | Islamic Society of Central Florida,"5186 Schumacher Rd, Sebring, FL 33872",Sebring,Florida,33872,United States,386-860-9663,https://iscf.org/masjid/masjid-al-jabbar/,Asad Haque,Vice President,icopfl786@gmail.com mail@iscf.org,27.5151186,-81.5197781,193,-81.5197781,27.5151186
Masjid Al-Muminin,"2401 6th St S, St. Petersburg, FL 33705",St. Petersburg,Florida,33705,United States,727-288-3636,,,,admin@isspmosque.com,27.7463165,-82.6404548,194,-82.6404548,27.7463165
Islamic Foundation of South Florida,"5457 NW 108th Ave, Sunrise, FL 33351",Sunrise,Florida,33351,United States,954-741-8130,https://ifsf.net/,,,info@ifsf.net,26.1916051,-80.2927856,195,-80.2927856,26.1916051
Islamic Center of Tallahassee,"1020 W Pensacola St, Tallahassee, FL 32304",Tallahassee,Florida,32304,United States,850-681-9022,https://ictallahassee.org/,,,tallahassee.islamic.center@gmail.com,30.4390896,-84.2996697,196,-84.2996697,30.4390896
Masjid Al-Furqan | Islamic Community of Tallahassee,"3617 Old Bainbridge Rd, Tallahassee, FL 32303",Tallahassee,Florida,32303,United States,850-514-0100,https://ictallahassee.org/,,,tallahassee.islamic.center@gmail.com,30.502387,-84.3387782,197,-84.3387782,30.502387
Masjid Al-Qassam | Islamic Community of Tampa,"5910 E 130th Ave, Tampa, FL 33617",Tampa,Florida,33617,United States,813-985-9433,https://ictampa.org/,Sh. Ahmed Sharaf,Imam,hatemfariz5262010@yahoo.com ict@ictampa.com,28.0651765,-82.3896796,198,-82.3896796,28.0651765
Mas Youth Center | Muslim American Society,"12226 N 56th St, Temple Terrace, FL 33617",Tampa,Florida,33617,United States,813-899-2267,https://www.masyc.org/,,,myc.operations@masnewyork.org,28.0589598,-82.3942348,199,-82.3942348,28.0589598
Islamic Society of Tampa Bay Area,"7326 E Sligh Ave, Tampa, FL 33610",Tampa,Florida,33610,United States,813-628-0007,https://www.istaba.org/,Sr. Mariam Razak,Hifz Academy,mainoffice@istaba.org,28.0114183,-82.3740688,200,-82.3740688,28.0114183
Dar-Us Salaam | Islamic Society of New Tampa,"15830 Morris Bridge Rd, Thonotosassa, FL 33592",Thonotosassa,Florida,33592,United States,,https://www.newtampamasjid.org/,,,info@newtampamasjid.org,28.148265,-82.280566,201,-82.280566,28.148265
Masjid Al-Mumin | Islamic Society of Central Florida,"US-1, Titusville, FL",Titusville,Florida,32780,United States,321-268-1833,https://iscf.org/masjid/masjid-al-jabbar/,Asad Haque,Vice President,icopfl786@gmail.com mail@iscf.org,28.5750049,-80.7989482,202,-80.7989482,28.5750049
Muslim Association of Hawaii,"1935 Aleo Pl, Honolulu, HI 96822",Honolulu,Hawaii,96822,United States,808-947-6263,https://www.hawaiimasjid.com,,,contact@hawaiimasjid.com,21.308669,-157.8212803,203,-157.8212803,21.308669
Islamic Center of Boise,"2719 W Stewart Ave, Boise, ID 83702",Boise,Idaho,83702,United States,208-429-1866,https://boisemuslims.org/,,,boisemuslims@yahoo.com,43.6287512,-116.2249154,204,-116.2249154,43.6287512
American Muslim Community Organization,"1548 E Algonquin Rd, Algonquin, IL 60102",Algonquin,Illinois,60102,United States,847-604-4818,https://www.amco.org/,,,info@McHenryMuslims.org,42.1600079,-88.2726187,205,-88.2726187,42.1600079
Fox Vally Muslim Community Center,"1187 Timberlake Dr, Aurora, IL 60506",Aurora,Illinois,60506,United States,630-810-7729,http://www.auroramasjid.org/,,,auroramasjid@gmail.com,41.7807151,-88.3531126,206,-88.3531126,41.7807151
Al-Azhar Islamic Foundation,"160 Hawthorne Rd, Barrington, IL 60010",Barrington,Illinois,60010,United States,847-277-9910,https://www.aifcenter.org/,,,best_box69@hotmail.com secretary@azharamerica.org,42.120394,-88.169775,207,-88.169775,42.120394
Belleville Mosque & Islamic Education Center,"4525 Old Collinsville Rd, Belleville, IL 62226",Belleville,Illinois,622226,United States,618-222-9055,,,,bellevile@stislam.org,38.5653864,-89.9651228,208,-89.9651228,38.5653864
Masjid Ibrahim,"2407 E Washington St, Bloomington, IL 61704",Bloomington,Illinois,61704,United States,309-663-2828,https://icmclean.org/,,,imam@icmclean.org,40.4794518,-88.9489073,209,-88.9489073,40.4794518
Islamic Center of Bloomington-Normal,"2911 Gill St STE 6, Bloomington, IL 61704",Bloomington,Illinois,61704,United States,309-664-0304,https://www.icob.org/,,,imam.icob@gmail.com,40.5007168,-88.9280187,210,-88.9280187,40.5007168
Masjid Al-Islam | Muslim Association of Boilingbrook,"W N Frontage Rd, Bolingbrook, IL 60440",Bolingbrook,Illinois,60440,United States,630-972-0701,https://bolingbrookmasjid.com/,,,info@bolingbrookmasjid.com,41.679195,-88.0797142,211,-88.0797142,41.679195
Mosque Foundation of Chicago,"7360 W 93rd St, Bridgeview, IL 60455",Bridgeview,Illinois,60455,United States,708-430-5666,https://mosquefoundation.org/,,,info@mosquefoundation.org,41.7228434,-87.8029979,212,-87.8029979,41.7228434
Masjid An-Nur | Carbondale Muslim Center,"504 S Wall St, Carbondale, IL 62901",Carbondale,Illinois,62901,United States,618-533-6522,https://carbondalemuslimcenter.com/,,,carbondalemosque@gmail.com,37.7221636,-89.2090118,213,-89.2090118,37.7221636
Muslim Community Center,"4380 N Elston Ave, Chicago, IL 60641",Chicago,Illinois,60641,United States,773-777-7443,https://mccchicago.org/,,,Counseling@mcchicago.org,41.960297,-87.7289523,214,-87.7289523,41.960297
Chicago Islamic Center - CIC,"3357 W 63rd St, Chicago, IL 60629",Chicago,Illinois,60629,United States,773-436-8083,,,,chicagomasque@yahoo.com,41.7786232,-87.7077553,215,-87.7077553,41.7786232
Faizan e Madinah Chicago,"6305 N Ridge Blvd, Chicago, IL 60660",Chicago,Illinois,60626,United States,773-465-7875,https://www.dawateislamiusa.com/,,,dawateislamichicagousa@gmail.com,41.9958055,-87.6756971,216,-87.6756971,41.9958055
Islamic Center of Chicago | At-Takaful Islamic Society,"5933 N Lincoln Ave, Chicago, IL 60659",Chicago,Illinois,60659,United States,773-989-9330,https://www.icconline.org/,,,info@icconline.org,41.9892326,-87.7049772,217,-87.7049772,41.9892326
The Ephraim Bahar Cultural Center,"2525 W 71st St, Chicago, IL 60629",Chicago,Illinois,60629,United States,773-476-8825,https://ebaharcenter.com/,,,baharinfo2525@gmail.com,41.7643933,-87.6867535,218,-87.6867535,41.7643933
Islamic Community Center of Illinois,"6435 W Belmont Ave, Chicago, IL 60634",Chicago,Illinois,60634,United States,773-637-3755,https://iccicenter.org/,,,contact@iccicenter.org,41.9379618,-87.7873622,219,-87.7873622,41.9379618
Al-Farooq Mosque,"8950 S Stony Is Ave, Chicago, IL 60617",Chicago,Illinois,60649,United States,773-752-2015,https://www.mafchicago.com/,,,masjid.alfarooq@yahoo.com,41.7317225,-87.585999,220,-87.585999,41.7317225
Masjid-E-Sayed Hashim | Mahdavia Islamic Center of Chicago,"7419 N Western Ave, Chicago, IL 60645",Chicago,Illinois,60645,United States,773-262-6680,https://www.miccusa.org/,,,mahdaviacenter@gmail.com,42.0162727,-87.6899998,221,-87.6899998,42.0162727
Hikmah School (Brentwood Muslim Community Center),"7701 Lone Tree Wy, Brentwood, CA 94513",Brentwood,California,94513,United States,925-298-2622,https://hikmahschool.com/,Fahim Choudhary,In Charge,info@hikmahschool.com,37.9612158,-121.7105947,222,-121.7105947,37.9612158
Prime Years Academy,"495 Santana Way, Corona, CA 92881",Corona,California,92881,United States,951-561-3643,https://www.primeyearsacademy.com,,,director.primeyears@yahoo.com,33.8511327,-117.5618038,223,-117.5618038,33.8511327
ISCN Learning Center,"495 Santana Way, Corona, CA 92881",Corona,California,92881,United States,951-264-6739,https://www.tlc-corona.org/,Ms. Aniqa Janjua,School Director & Principal,schooldirector.tlc@gmail.com​,33.8511327,-117.5618038,224,-117.5618038,33.8511327
Islamic Society of Folsom,"1835 Prairie City Rd, Folsom, CA 95630",Folsom,California,95630,United States,(916)294-3047,http://masjidbilal.com,Dr. Dale Hamad,In Charge,,38.6523393,-121.1656249,225,-121.1656249,38.6523393
Sunday Islamic School of Fremont,"42412 Albrae St, Fremont, CA 94538",Fremont,California,94538,United States,408-309-3798,https://sites.google.com/sisfonline.com/home/,Mr. Imtiaz,Principal,imtiaz622@gmail.com,37.5093342,-121.9718158,226,-121.9718158,37.5093342
Masjid Fresno Islamic Center,"2111 E Shaw Ave, Fresno, CA 93710",Fresno,California,93710,United States,559-222-6686,https://www.masjidfresno.org/,Seikh Ramadan,Imam,sheikhramadan@gmail.com,36.808313,-119.7517292,227,-119.7517292,36.808313
Masjid Madera,"16634 Rd 26, Madera, CA 93638",Madera,California,93638,United States,(559) 885-3400,http://www.masjidmadera.com,Abdullah,In Charge,masjidmadera@gmail.com,36.9910784,-120.0746963,228,-120.0746963,36.9910784
Masjid Darus Salam,"374 Turquoise St, Milpitas, CA 95035",Milpitas,California,95035,United States,408-786-9658,https://alhilaal.org,,,info@alhilaal.org,37.42669,-121.8961936,229,-121.8961936,37.42669
Al Nur Islamic Center,"Palo Verde professional building, 4959 Palo Verde St 205 c, Montclair, CA 91763",Montclair,California,91763,United States,626-378-8156,https://www.alnuric.org/,,,admin@alnooric.org,34.0809153,-117.6967865,230,-117.6967865,34.0809153
Islamic Center of Ventura County,"271 Riverpark Blvd, Oxnard, CA 93036",Oxnard,California,93036,United States,805-427-2081,https://icovc.org/classes/,Br. Abul Saleh,Coordinator,hasnatsaleh@ yahoo.com,34.2348802,-119.1740305,231,-119.1740305,34.2348802
Ahlul Beyt Mosque,"2155 Murchison Ave, Pomona, CA 91768",Pomona,California,91768,United States,909-622-9158,https://www.ahlulbeyt.net/ahlul-beyt-school/,,,,34.0717853,-117.7901775,232,-117.7901775,34.0717853
Islamic Center of South Bay,"25816 Walnut St, Lomita, CA 90717",Lomita,California,90717,United States,(310) 534-1363,https://masjidalnoor.org/alnoor-islamic-weekend-school/,Qari Anas Daghameen,Imam,imamanas@masjidalnoor.org,33.788886,-118.311697,233,-118.311697,33.788886
Masjid Annur Islamic Center,"6990 65th St, Sacramento, CA 95823",Sacramento,California,95828,United States,(916) 392 6687,https://www.masjidannur.com/services/annur-sunday-school,,,EducationDirector@masjidannur.com,38.499308,-121.4380799,234,-121.4380799,38.499308
Islamic Center od San Francisco,"400 Crescent Ave, San Francisco, CA 94110",Sanfrancisco,California,94110,United States,415.624.3754,https://www.icofsf.org,,,icofsf@gmail.com,37.7347493,-122.4167073,235,-122.4167073,37.7347493
Noor Al Islam School (Masjid Noor Al Islam),"118 Jones St, San Francisco, CA 94102",San Francisco,California,94102,United States,(415) 292-9709,https://www.alsabeel.org/,,,alsabeel@alsabeel.org,37.7824221,-122.4120614,236,-122.4120614,37.7824221
Mosque of San Gabriel,"1301 E Las Tunas Dr, San Gabriel, CA 91776",San Gabriel,California,91775,United States,(626) 285-2697,https://www.masjidgibrael.org/sunday-school/,,,masjidgibrael1301@gmail.com,34.1040863,-118.0793922,237,-118.0793922,34.1040863
Alqarawiyyeen Schools (Blossom Valley Muslim Community Center),"5885 Santa Teresa Blvd #113, San Jose, CA 95123",San Jose,California,95123,United States,408-588-1717,https://www.bvmcc.org,,School,Info@alqarawiyyeenschools.com,37.2358679,-121.8317751,238,-121.8317751,37.2358679
South Bay Islamic Association,"2345 Harris Way, San Jose, CA 95131",San Jose,California,95131,United States,,https://sbia.info/,,School,sbiais@sbia.info,37.4029415,-121.9052798,239,-121.9052798,37.4029415
South Valley Islamic Center,"40 E 4th St, Morgan Hill, CA 95037",Morgan Hill,California,95037,United States,,https://svic.org/islamic-school/,,,svic@svic.org,37.1274108,-121.6508407,240,-121.6508407,37.1274108
Imammia Education Center,"Santa Ana, CA 92705",Santa Ana,California,92705,United States,(714) 524-5580,https://www.imamia.org,,,aamithani@yahoo.com,33.7532358,-117.7901088,241,-117.7901088,33.7532358
Islamic Society of Santa Barbara,"302 N Los Carneros Rd, Goleta, CA 93117",Goleta,California,93117,United States,805-317-4277,https://islamsb.org/take-a-class/,,,contactissb@gmail.com,34.4405145,-119.8524553,242,-119.8524553,34.4405145
Islamic Center of Temecula Valley,"31061 Nicolas Rd, Temecula, CA 92591",Temecula,California,92591,United States,(888) 232-2288,https://icotv.org/,Br. Bahjat Akari,Education Comitee Chairperson,education@icotv.org,33.541633,-117.1171539,243,-117.1171539,33.541633
Jafaria Islamic Society,"1546 E La Palma Ave, Anaheim, CA 92805",Anaheim,California,92805,United States,323-854-6122,https://jafaria.org/school/,Musawir Jafri,,info@jafaria.org,33.8469865,-117.8956438,244,-117.8956438,33.8469865
Darul Falah Islamic Center,"14712 Bentley Cir, Tustin, CA 92780",Tustin,California,92780,United States,949-466-2740,https://tustinmasjid.com/,,,dufprograms@gmail.com,33.7140841,-117.8071921,245,-117.8071921,33.7140841
Islamic Community of Slinas,"35 W Market St, Salinas, CA 93901",Salinas,California,93901,United States,831-272-4885,https://www.icsalinas.org/school,,,imam@icsalinas.org,36.6778255,-121.6570651,246,-121.6570651,36.6778255
Bridgeport Islamic Community Center,"703 State St, Bridgeport, CT 06604",Bridgeport,Connecticut,6604,United States,(203)870-1729,https://www.mybicc.org/,,,education@mybicc.org,41.1736787,-73.1981604,247,-73.1981604,41.1736787
Clara Muhammad School (Muhammad Islamic Center of Greater Hartford),"155 Hungerford St, Hartford, CT 06106",hartford,Connecticut,6106,United States,(860) 728 8646,https://micgh.org,,,taqwanct@aol.com,41.7590712,-72.6860465,248,-72.6860465,41.7590712
Islamic Center of Conneticut,"140 White Rock Dr, Windsor, CT 06095",Windsor,Connecticut,6095,United States,1-844-623-4621,http://icct.org/sunday-school/,Muhammad Suleiman,Principal,sundayschool@icct.org,41.8117101,-72.6713356,249,-72.6713356,41.8117101
The Islamic Association of Central Connecticut,"100 Arch St, New Britain, CT 06051",New Britain,Connecticut,6051,United States,1 860-348-5733,https://taqwact.org/services/weekend-school/,,,info@taqwact.org,41.6642736,-72.7819811,250,-72.7819811,41.6642736
Stamford Islamic Center,"379 West Ave, Stamford, CT 06902",Stamform,Connecticut,6902,United States,203-504-2800,http://stamfordislamiccenter.com,,,info@stamfordislamiccenter.com,41.0408968,-73.5593668,251,-73.5593668,41.0408968
Masjid Al Mustafa,"95 Schraffts Dr, Waterbury, CT 06705",Waterbury,Connecticut,6705,United States,(203) 597-7676,https://www.iasconnect.org,,,masjid_almustafa@att.net,41.541141,-72.990686,252,-72.990686,41.541141
New Haven Islamic Center,"254 Bull Hill Ln, Orange, CT 06477",Orange,Connecticut,6577,United States,203-933-5799,https://www.nhicct.org/,,,info@nhicct.org,41.2737505,-72.9884464,253,-72.9884464,41.2737505
Childern Educational Program (Islamic Society of Central Delawere),"777 S Little Creek Rd, Dover, DE 19901",Dover,Delawere,19901,United States,302-943-3659,https://cepdelaware.com/,Muniza Iftekhar,Incharge,cep.delaware@gmail.com,39.1590089,-75.5067875,254,-75.5067875,39.1590089
Islamic Center of Boca Raton,"3480 NW 5th Ave, Boca Raton, FL 33431",Boca Raton,Florida,33431,United States,561-395-7221,https://icbr.org/,,,masjid@icbr.org,26.381179,-80.0929755,255,-80.0929755,26.381179
The Islamic Center of Daytona Beach,"347 S Keech St, Daytona Beach, FL 32114",Daytona Beach,Florida,32114,United States,(386) 252-3501,https://ic-db.weebly.com/,Administrator,,,29.2005636,-81.0343569,256,-81.0343569,29.2005636
Islamic Society of Central Florida,"1586 N Goldenrod Rd, Orlando, FL 32807",Orlando,Florida,32802,United States,407-273-8363,https://iscf.org/education/wize/,,,,28.5649273,-81.2864005,257,-81.2864005,28.5649273
Islamic Movement of Florida,"3201 N 74th Way, Pembroke Pines, FL 33024",Hollywood,Florida,33024,United States,(954) 894-9110,https://www.imof.org/,,,info@imof.org,26.0300561,-80.2377141,258,-80.2377141,26.0300561
Masjid As-Sunnah,"1535 S Hoagland Blvd, Kissimmee, FL 34741",Kissimmee,Florida,34746,United States,407-935-0337,https://masjidassunnah-fl.com/,,,webmaster@masjidassunnah-fl.com,28.2639774,-81.4357119,259,-81.4357119,28.2639774
Islamic Sunday School at Islamic Center of Greater Miami,"4305 NW 183rd St, Miami Gardens, FL 33055",Miami Gardens,Florida,33055,United States,(305) 624‑5555,https://www.sundayschoolaticgm.com/,,,sundayschool.icgm@gmail.com,25.9408164,-80.2718992,260,-80.2718992,25.9408164
Islamic Center of Orange park,"158 College Dr, Orange Park, FL 32065",Orange Park,Florida,32065,United States,(904) 330 4847,https://icopfl.org/,,,icopfl786@gmail.com,30.1276717,-81.7757756,261,-81.7757756,30.1276717
Islamic Society of Pinellas County,"Pinellas Park, FL 33780",Pinellas Park,Florida,33780,United States,1 727-546-3162,https://ispc-fl.org/,,,info@ispc-fl.org,27.8428057,-82.7055625,262,-82.7055625,27.8428057
Masjid Al Sunnah,"2400 6th St S, St. Petersburg, FL 33705",St. Petesburg,Florida,33705,United States,727 288 3636,https://isspmosque.com/,,,Info@arqamsacademy.com,27.7462998,-82.6399307,263,-82.6399307,27.7462998
Islamic Foundation of South Florida,"5455 NW 108th Ave, Sunrise, FL 33351",Sunrise,Florida,33351,United States,(954) 213-8897,https://ifsf.net/,,,,26.190879,-80.2940936,264,-80.2940936,26.190879
Muslim Community of Palm Beach County,"4893 Purdy Ln, West Palm Beach, FL 33415",West Paml Beach,Florida,33415,United States,561-969-1584,https://mcpbc.org/,Imam,,imam@mcpbc.org,26.6449815,-80.119384,265,-80.119384,26.6449815
Hamza Islamic Center,"665 Tidwell Rd, Alpharetta, GA 30004",Alpharetta,Georgia,30004,United States,(770) 558-3519,https://www.masjidhamzah.com/,Umar Mohamed Ibrahim,General Secretary,GeneralSecretary@masjidhamzah.com,34.1173535,-84.2485897,266,-84.2485897,34.1173535
Masjid Al-Taqwa,"2680 Golfside Rd, Ann Arbor, MI 48108",Ann Arbor,Michigan,48108,United States,(734)-829-8380,https://masjidattaqwa.org/,Seikh Ahmed,In Charge,Masjidattaqwaaa@gmail.com,42.2491593,-83.6613463,267,-83.6613463,42.2491593
Dar-un-Noor Sunday School,"434 14th St NW, Atlanta, GA 30318",Atlanta,Georgia,30318,United States,404-454-5500,https://dunsundayschool.wordpress.com/,Principal,,dunsundayschool@yahoo.com,33.7852811,-84.4014297,268,-84.4014297,33.7852811
Masjid Quba,"at Texaco, 5698 Hwy 20 SE, Cartersville, GA 30121",CARTERSVILLE,Georgia,30121,United States,678-719-9770,http://iccga.org/,,,nfo@iccga.org,34.2097593,-84.7585675,269,-84.7585675,34.2097593
Dar-E-Abbas,"5064 Lawrenceville Hwy, Lilburn, GA 30047",Lilburn,Georgia,30047,United States,(404) 277-5295,http://dareabbas.com/,Masoud Naqvi,Principal,,33.8889005,-84.1483832,270,-84.1483832,33.8889005
Masjid Omar,"955 Harbins Rd NW, Lilburn, GA 30047",Lilburn,Georgia,30047,United States,404-955-0625,https://masjidomar.org/,Sister Noor,,info@masjidomar.org,33.8990973,-84.1700968,271,-84.1700968,33.8990973
East Cobb Islamic Center,"1111 Braswell Rd, Marietta, GA 30062",Marietta,Georgia,30062,United States,(678) 528-1414,https://www.ec-ic.org/,,,info@ec-ic.org,33.9785234,-84.486962,272,-84.486962,33.9785234
Masjid-Ibad-Ur- Rahman,"2440 Sandy Plains Rd Building #15, Marietta, GA 30066",Marietta,Georgia,30066,United States,678-560-3398,https://www.ibad-ur-rahman.org/,,,masjid@ibad-ur-rahman.org,34.0090483,-84.4949945,273,-84.4949945,34.0090483
Roswell Community Masjid,"345 Market Pl, Roswell, GA 30075",Roswell,Georgia,30075,United States,770-640-1411,https://roswellmasjid.org/,,,info@roswellmasjid.org,34.0304729,-84.3401958,274,-84.3401958,34.0304729
Anniston Islamic Center,"Anniston, AL 36207",Anniston,Alabama,36207,United States,256-238-8613,https://annistonic.org/,Dr. Khurram Fareed,President,,33.656468,-85.7461548,275,-85.7461548,33.656468
Homewood Masjid | BIS,"1810 25th Ct S, Birmingham, AL 35209",Homewood,Alabama,35209,United States,205-879-4247,https://www.bisweb.org/,,,bisoffice@bisweb.org,33.4866824,-86.7912631,276,-86.7912631,33.4866824
Huntsville Islamic Center,"1645 Sparkman Dr NW, Huntsville, AL 35816",Huntsville,Alabama,35816,United States,256-721-1712,https://huntsvilleislamiccenter.org/,,,board@huntsvilleislamiccenter.org,34.7426918,-86.6484852,277,-86.6484852,34.7426918
American Islamic Center of Mobile,"6702 Old Shell Rd, Mobile, AL 36608",Mobile,Alabama,36608,United States,251-366-5000,https://mobilemosque.com/,,,AICOFMOBILE@gmail.com,30.691428,-88.1982207,278,-88.1982207,30.691428
Muslim Center of Montgomery,"Montgomery, AL 36105",Montgomery,Alabama,36105,United States,334-312-7872,https://www.mcmontgomery.org/,,,muslimcenterofmontgomery@gmail.com,32.2334312,-86.2767995,279,-86.2767995,32.2334312
Al-Huda Islamic Center,"10 Cayuga Vista Dr #0, Lansing, NY 14882",Lansing,New York,14882,United States,607-533-0357,https://alhudaislamiccenter.org/,Mahmud Burton,President,contactus@alhudaislamiccenter.org,42.5337865,-76.501205,280,-76.501205,42.5337865
Islamic Society of Tuscaloosa,"416 Paul W Bryant Dr, Tuscaloosa, AL 35401",Tuscaloosa,Alabama,35401,United States,205-758-3382,https://istuscaloosa.org/,,,support@istuscalosa.org,33.205591,-87.5308342,281,-87.5308342,33.205591
The Islamic Community Of Anchorage Alaska,"8005 Spring St, Anchorage, AK 99518",Anchorage,Alaska,99518,United States,907-248-7333,https://alaskamasjid.org/,,,alaskamuslimcommunity@yahoo.com,61.1481726,-149.8611941,282,-149.8611941,61.1481726
Islamic Center of the East Valley,"425 N Alma School Rd, Chandler, AZ 85225",Chadler,Arizona,85224,United States,480-910-0330,https://icev.org/,,,info@icevmasjid.org,33.3109777,-111.8576207,283,-111.8576207,33.3109777
Islamic Center of Laveen,"5099 W Dobbins Rd #1, Laveen Village, AZ 85339",Laveen Village,Arizona,85339,United States,602-237-2666,https://www.islamiccenteroflaveen.org/,,,secretary@iclaveen.net,33.3620193,-112.168722,284,-112.168722,33.3620193
Masjid Bilal IBN Rabah,"44370 W Cesar Chavez Ln, Maricopa, AZ 85138",Maricopa,Arizona,85138,United States,480-582-9993,https://masjidbilalaz.org/,,,masjidbilalaz@gmail.com,33.0562786,-112.0445697,285,-112.0445697,33.0562786
Majid Al-Noor,"N Matlock St, Mesa, AZ 85203",Mesa,Arizona,85203,United States,480-644-0074,https://www.masjid-alnoor.org/,,,info@masjid-alnoor.org,33.4233713,-111.8080229,286,-111.8080229,33.4233713
Albanian American Islamic Center,"5825 St Charles Rd, Berkeley, IL 60163",Berkeley,Arizona,60163,United States,708-544-2609,https://albanianamericanislamiccenter.com/,Mr. Ismail Mehmeti,President,office@albanianilamciccenter.com,41.8892227,-87.9144034,287,-87.9144034,41.8892227
Arizona Cultural Academy,"7810 S 42nd Pl, Phoenix, AZ 85042",Phoenix,Arizona,85042,United States,602-454-1222,https://www.azacademy.org/,,,info@azacademy.org,33.3756163,-111.9929104,288,-111.9929104,33.3756163
Islamic Center of North East Valley,"12125 E Vía Linda, Scottsdale, AZ 85259",Scottsdale,Arizona,85259,United States,602-456-0199,https://islamcenter.com/,,,pr@islamcenter.com,33.5892259,-111.818385,289,-111.818385,33.5892259
Masjid Omar Bin Khatab,"مسجد عمر بن الخطاب مدينة تمبي Tempe, 6225 S McClintock Dr, Tempe, AZ 85283",Tempe,Arizona,85283,United States,480-775-6627,https://masjidomartempe.org/,,,MasjidOmarTempe@Yahoo.com,33.3652465,-111.9106558,290,-111.9106558,33.3652465
ICC-Islamic Community Center of Tempe,"131 E 6th St, Tempe, AZ 85281",Tempe,Arizona,85281,United States,480-894-6070,https://tempemosque.com/,,,office@tempemosque.com,33.4240604,-111.9369396,291,-111.9369396,33.4240604
Muslim Community Center of Tucson,"5100 N Kevy Pl, Tucson, AZ 85704",Tucson,Arizona,85704,United States,520-329-8568,https://www.mcctucson.org/,,,,32.2995154,-110.9978625,292,-110.9978625,32.2995154
Masjid Al-KHaliq,"Clarksville, AR 72830",Clarksville,Arkansas,72830,United States,813-922-8684,https://www.masjidalkhaliq.org/index.html,,,office@masjidalkhaliq.org,35.4712243,-93.468612,293,-93.468612,35.4712243
Muslim Center of Conway,"1715 South Blvd, Conway, AR 72034",Conway,Arkansas,72034,United States,501-339-8744,https://www.the-mcc.org/,,,info@the-mcc.org,35.0788501,-92.4477833,294,-92.4477833,35.0788501
Islamic Center Of Little Rock,"3224 Anna St, Little Rock, AR 72204",Little Rock,Arkansas,72204,United States,501-565-4930,https://theiclr.org/,,,admin@theiclr.org,34.7221727,-92.3333719,295,-92.3333719,34.7221727
Masjid Ameen Zakariyya,"1717 Wright Ave, Little Rock, AR 72202",Little Rock,Arkansas,72203,United States,501-372-1942,https://masjid.us/ar/ar-72203/,,,masjidamerica@gmail.com,34.7319225,-92.2924757,296,-92.2924757,34.7319225
Islamic Center of Alameda,"901 Santa Clara Ave, Alameda, CA 94501",Alameda,California,94501,United States,510-748-9052,https://icabayarea.org/,,,info@icabayarea.org,37.7733957,-122.2702309,297,-122.2702309,37.7733957
Salaam Islamic Center,"1136 N Brookhurst St, Anaheim, CA 92801",Anaheim,California,92801,United States,714-999-2800,https://www.aicpca.org/,,,info@aicpca.org,33.8486191,-117.9588111,298,-117.9588111,33.8486191
Masjid Al-Ansar,"1717 S Brookhurst St, Anaheim, CA 92804",Anaheim,California,92804,United States,714-535-1100,https://www.wcismasjid.com/,,,office@wcismasjid.com,33.8055971,-117.9595433,299,-117.9595433,33.8055971
Islamic Center of East Bay,"33330 Peace Terrace, Fremont, CA 94555",Fremont,California,94555,United States,510-429-4732,https://isebfremont.org/,,,info@iseb.org,37.5808282,-122.0547467,300,-122.0547467,37.5808282
Masjid Al-Fatiha of America,"210 N Citrus Ave, Azusa, CA 91702",Azusa,California,91702,United States,626-815-8679,https://www.masjidalfatiha.org/,,,masjid.alfatiha@gmail.com,34.1242211,-117.8897116,301,-117.8897116,34.1242211
Masjid Al-Rasool,"1206 Erringer Rd, Simi Valley, CA 93065",Simi Valley,California,93065,United States,805-334--178,https://www.masjid-al-rasool.com/,,,masjid.rasool@gmail.com,34.2611235,-118.7612035,302,-118.7612035,34.2611235
Fatima Islamic Society,"7252 Remmet Ave # 101, Canoga Park, CA 91303",Canoga Park,California,91303,United States,818-347-8889,https://fatimasociety.org/,,,,34.2026783,-118.6001871,303,-118.6001871,34.2026783
Islamic Center of Chico,"1316 Nord Ave, Chico, CA 95926",Chico,California,95926,United States,530-342-5889,https://www.chicoislamiccenter.org/,,,milhan@mail.csuchico.edu,39.7340683,-121.862621,304,-121.862621,39.7340683
Chino Valley Islamic Center,"4711 Chino Ave, Chino, CA 91710",Chico,California,91710,United States,909-786-1487,https://cvislamiccenter.org/,,,info@CVIslamicCenter.org,34.0110075,-117.7016815,305,-117.7016815,34.0110075
Al Rashid Mosque,"113 St NW, Edmonton, AB T5E 5A8, Canada",Edmonton,Alberta,T5E 5A8,United States,780-451-6694,https://alrashidmosque.ca/,,,info@alrashidmosque.ca,53.590475,-113.5151055,306,-113.5151055,53.590475
Dar Ul-Islam Masjid,"2449 Buena Vista Ave, Walnut Creek, CA 94597",Walnut Creek,California,94597,United States,925-482-0077,https://www.darulislam.org/,Khaled Saleh,Director of Operations,operations@darulislam.org,37.9135327,-122.0732028,307,-122.0732028,37.9135327
Islamic Center of Corona and Norco,"465 Santana Way, Corona, CA 92881",Corona,California,92881,United States,951-736-8155,https://coronamuslims.com/,,,info@coronamuslims.com,33.8517001,-117.5625688,308,-117.5625688,33.8517001
Islamic Educational Center of Orange Country,"3194 Airport Loop Dr b, Costa Mesa, CA 92626",Costa Mesa,California,92626,United States,714-432-0062,https://iecoc.org/,,,info@iecoc.org,33.6842713,-117.8667285,309,-117.8667285,33.6842713
Kurdish Community Islamic Center,"El Cajon, CA 92021",El Cajon,California,92021,United States,619-442-4435,https://masjidashty.com/,,,masjidashty2010@hotmail.com,32.8324351,-116.8792553,310,-116.8792553,32.8324351
AR-Rahman Islamic Center,"7641 Sierra Ave., Fontana, CA 92336",Fontana,California,92336,United States,909-355-4900,https://arrahmanislamiccenter.com/,,,email@ArrahmanIslamicCenter.com,34.1149992,-117.4347555,311,-117.4347555,34.1149992
Al-Medina Education Center,"5880 Thornton Ave, Newark, CA 94560",Newark,California,94560,United States,510-516-7890,https://mec1.org/,,,info@mec1.org,37.5382202,-122.0283834,312,-122.0283834,37.5382202
Islamic Society of East Bay,"33330 Peace Terrace, Fremont, CA 94555",Fremont,California,94555,United States,510-429-4732,https://isebfremont.org/,,,info@iseb.org,37.5808282,-122.0547467,313,-122.0547467,37.5808282
Ibrahim Khalilullah Islamic Center,"1121 Old Canyon Rd, Fremont, CA 94536",Fremont,California,95639,United States,510-651-0122,https://masjidikic.org/,,,Fareed.Wardak@IKICenter.org,37.5823453,-121.9634708,314,-121.9634708,37.5823453
Islamic Center of Fremont,"4039 Irvington Ave, Fremont, CA 94538",Fremont,California,94538,United States,510-661-0352,https://icfbayarea.com/,,,wakilahmed2012@gmail.com,37.5313514,-121.9597979,315,-121.9597979,37.5313514
Badr Islamic Center,"7150 N Milburn Ave, Fresno, CA 93722",Fresno,California,93722,United States,559-297-9535,https://centrebadr.net/,,,mail@al-quean.com,36.8391642,-119.8783564,316,-119.8783564,36.8391642
Islamic Society of Orange Country,"9752 13th St, Garden Grove, CA 92844",,California,92844,United States,714-531-1722,https://www.isocmasjid.org/,,,info@isocmasjid.org,33.755054,-117.958393,317,-117.958393,33.755054
Islamic Center of Northridge | Granada Hills Masjid,"11439 Encino Ave, Granada Hills, CA 91344",Granada Hills,California,91344,United States,818-360-3500,https://goicn.org/,,,info@goicn.org,34.2785881,-118.5162794,318,-118.5162794,34.2785881
The Islamic Center of Hawthorne,"12209 Hawthorne Way, Hawthorne, CA 90250",Hawthorne,California,90250,United States,31--973-8000,https://ichla.org/,,,info@ichla.org,33.921749,-118.3538195,319,-118.3538195,33.921749
Hayward Islamic Center,"26320 Gading Rd, Hayward, CA 94544",Hayward,California,94544,United States,510-963-5578,https://www.masjidmuhajireen.org/,,,info@masjidmuhajireen.org,37.6436144,-122.0808399,320,-122.0808399,37.6436144
Masjid Muhajireen,"185 Folsom Ave, Hayward, CA 94544",Hayward,California,94544,United States,510-786-0313,https://www.masjidmuhajireen.org/,,,info@masjidmuhajireen.org,37.6280285,-122.0588746,321,-122.0588746,37.6280285
Fatimiyya Islamic Center,"573 Bartlett Ave, Hayward, CA 94541",Hayward,California,94541,United States,510-244-7780,,,,FartimiyyaCenter@gmail.com,37.6711169,-122.115652,322,-122.115652,37.6711169
Islamic Center of Irvine,"2 Truman St, Irvine, CA 92620",Irvine,California,92620,United States,949-786-4264,https://www.icoi.net/,,,ws@icoi.net,33.6964995,-117.765507,323,-117.765507,33.6964995
Islamic Center of North Valley,"42554 4th St, Ridgecrest, CA 93555",Lancaster,California,93555,United States,661-726-4749,https://www.islamiccenterofnorthvalley.com/,,,admin@icnvmosque.com,35.6396916,-117.5870356,324,-117.5870356,35.6396916
Masjid Usman | Center for Religious Tolerance,"7126 Westview Pl, Lemon Grove, CA 91945",Lemon Grove,California,91945,United States,619-374-1043,https://masjidusman.org/,,,info@MasjidUsman.org,32.7414814,-117.0447043,325,-117.0447043,32.7414814
Islamic Center of Livermore,"379 S Livermore Ave, Livermore, CA 94550",Livermore,California,94550,United States,925-443-1826,https://iclivermore.org/,,,info@iclivermore.org,37.6803399,-121.7661823,326,-121.7661823,37.6803399
Lodi Muslim Mosque,"210 Poplar St, Lodi, CA 95240",Lodi,California,95240,United States,209-333-9619,,,,Lodimuslimmosque20@gmail.com,38.1191527,-121.2690306,327,-121.2690306,38.1191527
Islamic Center of Southern California,"434 S Vermont Ave, Los Angeles, CA 90020",Los Angeles,California,90020,United States,213-382-9200,https://www.islamiccenter.com/,,,info@islamiccenter.com,34.0664608,-118.2912604,328,-118.2912604,34.0664608
Islamic Community Center of Redlands,"24769 Redlands Blvd, Loma Linda, CA 92354",Loma Linda,California,92354,United States,909-915-5920,https://iccredlands.org/,,,contact@iccredlands.org,34.0622166,-117.2642589,329,-117.2642589,34.0622166
Islamic Center of South Bay,"28516 Walnut St, Lomita, CA 90717",Lomita,California,90717,United States,310-534-1363,https://masjidalnoor.org/,,,info@masjidalnoor.org,33.7875416,-118.3120665,330,-118.3120665,33.7875416
Masjid Al-Shareef,"2104 Orange Ave, Long Beach, CA 90806",Long Beach,California,90806,United States,562-591-5320,https://maslb.net/,,,masjidalshareefoflongbeach57@gmail.cm,33.7953791,-118.1760353,331,-118.1760353,33.7953791
Masjid Bilal Islamic Center,"4016 S Central Ave, Los Angeles, CA 90011",Los Angeles,California,90011,United States,323-233-7274,https://www.masjidbilalonline.com/index.html,,,bilalcenter@aol.com,34.0106292,-118.2557958,332,-118.2557958,34.0106292
Salaam Islamic Center,"3735 Alton Pkwy, Irvine, CA 92606",Irvine,California,92606,United States,,,,,info@salaamic.org,33.6831962,-117.8167636,333,-117.8167636,33.6831962
Masjid Umar Ibn Khattab,"1025 W Exposition Blvd, Los Angeles, CA 90007",Los Angeles,California,90007,United States,213-733-9838,https://omarfoundation.com/,,,info@omarfoundation.com,34.0186024,-118.2924579,334,-118.2924579,34.0186024
Iranian American Muslim Association,"3376 Motor Ave, Los Angeles, CA 90034",Los Angeles,California,90034,United States,310-202-8181,https://iman.org/,,,INFO@IMAN.ORG,34.0282807,-118.40951,335,-118.40951,34.0282807
Masjid Bilal IBN Rabah,"696 Mt Zion Rd, Jonesboro, GA 30236",Morrow,Georgia,30236,United States,770-629-2220,https://masjidbilalibnrabaah.com/,,,info@masjidilalibnrabaah.com,33.5735475,-84.3676358,336,-84.3676358,33.5735475
Madera Islamic Center,"16643 Rd 26, Madera, CA 93638",Madera,California,93638,United States,209-725-8167,https://www.masjidmadera.com/,,,masjidmadera@gmail.com,36.9912515,-120.0735309,337,-120.0735309,36.9912515
Islamic Center of Milly Valley,"Shell Rd, Victoria, Australia",Mill Valley,California,92941,United States,415-383-0617,https://www.mvmasjid.com/,,,school@mvmasjid.com info@mvmasjid.com,-38.2653628,144.5736587,338,144.5736587,-38.2653628
El Zahara Islamic Center,"218 Irving St, Midland Park, NJ 07432",Midland Park,New Jersey,7432,United States,201-670-9090,https://www.elzahra.org/,,,info@elzahra.org,41.0012454,-74.1436071,339,-74.1436071,41.0012454
Dar Us Salam Masjid,"Fiesta Plaza, Dempsey Rd, Milpitas, CA 95035",Milpitas,California,95050,United States,408-719-9010,https://alhilaal.org/home/,,,info@alhilaal.org,37.4337402,-121.8859672,340,-121.8859672,37.4337402
Orange Country Islamic Foundation,"23581 Madero, Mission Viejo, CA 92691",Mission Viejo,California,92691,United States,949-595-0480,https://ocif.org/,,,admin@ocif.org,33.6205731,-117.6758662,341,-117.6758662,33.6205731
Islamic Center of Modesto,"1445 N Carpenter Rd, Modesto, CA 95358",Modesto,California,95358,United States,209-576-8149,https://www.icomodesto.org/,,,imam@icomodesto.org,37.6566334,-121.0330621,342,-121.0330621,37.6566334
Islamic Society of Solano County,"Napa, CA 94581",Napa,California,94581,United States,707-294-9521,https://www.solanocountyislamiccenter.com/,,,Solanocountyislamiccenter@yahoo.com,38.3,-122.28,343,-122.28,38.3
Islamic Center of Conejo Valley,"2700 Borchard Rd, Thousand Oaks, CA 91320",Newbury Park,California,91320,United States,805-499-2106,https://iccv.org/,,,iccvnews@gmail.com,34.1784069,-118.9334633,344,-118.9334633,34.1784069
Madina Islamic Center,"12500 Firestone Blvd, Norwalk, CA 90650",Norwalk,California,90650,United States,562-676-7351,https://madinamasjid.org/,,,aka461@hotmail.com,33.9042052,-118.0674796,345,-118.0674796,33.9042052
Masjid Imam Bukhari,"Panorama City, CA 91402",Panorama City,California,91402,United States,818-894-3025,https://imambukharimasjid.org/,,,talhamajeed@hotmail.com,34.2252697,-118.442596,346,-118.442596,34.2252697
Islamic Center of Perris,"3895 N Perris Blvd, Perris, CA 92571",Perris,California,92571,United States,951-443-3929,https://www.perrismasjid.com/,,,IslamicCentorofPerris@gmail.com,33.84225,-117.22526,347,-117.22526,33.84225
Islamic Center Pittsburg,"300 E 10th St, Pittsburg, CA 94565",Pittsburg,California,94565,United States,925-473-0384,https://www.icp-pgh.org/,,,fgh@yahoo.com,38.0271627,-121.8829974,348,-121.8829974,38.0271627
Muslim Community Center of East Bay,"5724 W Las Positas Blvd #300, Pleasanton, CA 94588",Pleasanton,California,94588,United States,,https://mcceastbay.org/,,,info@mcceasthbay.org,37.6855153,-121.8911505,349,-121.8911505,37.6855153
Islamic Center of Inland Empire,"1555 E 3rd St, Pomona, CA 91766",Pomona,California,91766,United States,909-868-8811,https://ranchomasjid.org,,,admin@ranchomasjid.org,34.0576833,-117.7248693,350,-117.7248693,34.0576833
Islamic Center of Claremont,"3641 N Garey Ave, Pomona, CA 91767",Pomona,California,91767,United States,909-593-1865,https://islamiccenterofclaremont.org/,,,,34.1090301,-117.7490198,351,-117.7490198,34.1090301
Zainabia Islamic Society,"575 N Towne Ave, Pomona, CA 91767",Pomona,California,91767,United States,909-981-5491,https://www.zainabia-la.org/,,,,34.0635349,-117.742056,352,-117.742056,34.0635349
Islamic Center of Redlands,"11210 Alabama St, Redlands, CA 92373",Redlands,California,92373,United States,909-792-0882,https://iccredlands.org/,,,contact@iccredlands.org,34.0500011,-117.2089316,353,-117.2089316,34.0500011
Islamic Center of Reseda,"18206 Victory Blvd, Tarzana, CA 91335",Reseda,California,91335,United States,818-996-9116,https://islamiccenterofreseda.com/,,,icreseda1@aol.com,34.1862531,-118.5297453,354,-118.5297453,34.1862531
Maktab Tarighat Oveyssi Shahmaghsoudi,"18011 Sherman Way, Reseda, CA 91335",Reseda,California,91335,United States,800-820-2180,https://mto.org/,,,info@mto.org,34.2018755,-118.5257337,355,-118.5257337,34.2018755
Masjid Al Noor,"1330 Cutting Blvd, Richmond, CA 94804",Richmond,California,94801,United States,510-283-9966,https://www.masjidalnoorrichmond.com/,,,,37.9245628,-122.3563608,356,-122.3563608,37.9245628
Masjid Al Rahman,"1110 36th St, Richmond, CA 94804",Richmond,California,94804,United States,510-236-8130,https://masjidalrahman.com/,,,info@masjidalrahman.com,37.9496489,-122.3326745,357,-122.3326745,37.9496489
Islamic Center of Riverside,"1038 W Linden St, Riverside, CA 92507",Riverside,California,92507,United States,951-684-5466,https://www.islamiccenterofriverside.net/,,,info@risersidemasjid.com,33.9781403,-117.3342403,358,-117.3342403,33.9781403
Islamic Society of San Gabriel Valley,"19164 E Walnut Dr N, Rowland Heights, CA 91748",Rowland Heights,California,91748,United States,926-964-3596,https://icsgv.com/,,,info@icsgv.com,33.9953969,-117.8843317,359,-117.8843317,33.9953969
Islamic Center of Sacramento,"Sacramento, CA 95818",Sacramento,California,95818,United States,916-444-6323,https://www.masjidannur.com/,,,EducationDirector@masjidannur.com,38.5603056,-121.4970294,360,-121.4970294,38.5603056
Salam Islamic Center,"4541 College Oak Dr, Sacramento, CA 95841",Sacramento,California,95841,United States,916-979-1933,https://salamcenter.org/,,,OfficeManager@salamcenter.org,38.6473722,-121.3514827,361,-121.3514827,38.6473722
Masjid Ibrahim,"3449 Rio Linda Blvd, Sacramento, CA 95838",Sacramento,California,95838,United States,916-925-4651,https://www.masjidibrahim.org/,,,info@masjidibrahim.com,38.6314376,-121.4464883,362,-121.4464883,38.6314376
Masjid Annur Islamic Center,"6990 65th St, Sacramento, CA 95823",Sacramento,California,95823,United States,916-392-6687,https://www.masjidannur.com/,,,EducationDirector@masjidannur.com,38.4997141,-121.4394625,363,-121.4394625,38.4997141
Islamic Community of Salinas,"333 Capitol St, Salinas, CA 93901",Salinas,California,93901,United States,831-422-0900,https://www.icsalinas.org/,,,imam@icsalinas.org,36.6719072,-121.6596583,364,-121.6596583,36.6719072
Masjid Hamza | Islamic Center of Mira Mesa,"9235 Activity Rd #112, San Diego, CA 92126",San Diego,California,92129,United States,619-416-6018,https://www.masjidhamzasandiego.com/,,,masjidhamza9235@gmail.com,32.8964713,-117.1286353,365,-117.1286353,32.8964713
Islamic Education Center of San Diego,"8977 Activity Rd #103, San Diego, CA 92126",San Diego,California,92126,United States,858-689-8888,,,,info@iecsd.com,32.8959802,-117.132499,366,-117.132499,32.8959802
Muslim Community Center of Greater San Diego,"14698 Via Fiesta, San Diego, CA 92127",San Diego,California,92127,United States,858-756-5100,https://www.mccsandiego.org/,,,info@mcc-gsd.org,32.9919428,-117.1649351,367,-117.1649351,32.9919428
Islamic Center of San Diego,"7050 Eckstrom Ave, San Diego, CA 92111",San Diego,California,92111,United States,858-278-5240,https://www.icsd.org/,,,admin@icsd.org,32.8205842,-117.1654905,368,-117.1654905,32.8205842
Mas-San Diego,"San Diego, CA 92126",San Diego,California,92126,United States,858-603-9221,https://massandiego.org/,,,admin@massandiego.org,32.9184763,-117.1382404,369,-117.1382404,32.9184763
Masjid Al Tawheed,"9011 Elk Grove Florin Rd #0, Elk Grove, CA 95624",Elk Grove,California,95624,United States,916-686-9519,https://www.masjidaltawheed.com/,,,admin@masjidaltawheed.com,38.4299929,-121.3711824,370,-121.3711824,38.4299929
Muslim Community Center,"850 Divisadero St, San Francisco, CA 94117",San Francisco,California,94117,United States,415-583-9397,https://mccbrooklyn.org/,,,info@mccbrooklyn.org,37.7776334,-122.4381106,371,-122.4381106,37.7776334
Islamic Center South Bay Islamic Association,"325 N 3rd St, San Jose, CA 95112",San Jose,California,95112,United States,408-947-9389,https://sbia.info/,,,sbia@sbia.info,37.3419685,-121.8923621,372,-121.8923621,37.3419685
Saba Islamic Center,"4415 Fortran Ct, San Jose, CA 95134",San Jose,California,95134,United States,408-946-5700,https://www.saba-igc.org/,,,saba@saba-igc.org webmaster@saba-igc.org,37.421049,-121.9581482,373,-121.9581482,37.421049
Islamic Community of Bay Area Bosniaks,"Fortran Ct, San Jose, CA 95134",San Jose,California,95112,United States,408-441-0540,https://icbab.org/,,,sanjosedzemat2016@gmail.com,37.4209865,-121.9570617,374,-121.9570617,37.4209865
Masjid Al Rasool,"552 S Bascom Ave, San Jose, CA 95128",San Jose,California,95128,United States,408-364-0666,https://www.masjid-al-rasool.com/,,,masjid.rasool@gmail.com,37.3179474,-121.931615,375,-121.931615,37.3179474
Central Cost Islamic Center,"327 Plaza Dr, Santa Maria, CA 93454",Santa Maria,California,93454,United States,805-352-1922,https://ccicmasjid.org/,,,info@ccicmasjid.org,34.9376919,-120.4323873,376,-120.4323873,34.9376919
South Valley Islamic Community,"14770 Columbet Ave, San Martin, CA 95046",San Martin,California,95046,United States,408-535-0112,https://svic.org/,,,svic@svic.org,37.110016,-121.6017895,377,-121.6017895,37.110016
Masjid Al Haq,"228 N Ellsworth Ave, San Mateo, CA 94401",San Mateo,California,94401,United States,650-678-7893,https://www.masjidulhaqq.com/,,,masjidulhaqqsanmateo@gmail.com,37.5711764,-122.3289312,378,-122.3289312,37.5711764
San Ramon Valley Islamic Center,"2232 Camino Ramon, San Ramon, CA 94583",San Ramon,California,94583,United States,925-866-7088,https://srvic.org/,,,webmaster@srvic.org,37.776787,-121.969178,379,-121.969178,37.776787
Imamia Education Center,"2110 E 1st St #120, Santa Ana, CA 92705",Santa Ana,California,92705,United States,714-524-5580,https://www.imamia.org/,Amir Mithani,Director,aamithani@yahoo.com,33.7437182,-117.8365895,380,-117.8365895,33.7437182
Muslim Community Association,"3003 Scott Blvd #0, Santa Clara, CA 95054",Santa Clara,California,95054,United States,408-747-7277,https://mcabayarea.org/,,,info@mcabayarea.org,37.3771804,-121.9592202,381,-121.9592202,37.3771804
Islamic Society of Santa Rosa,"545 Mendocino Ave, Santa Rosa, CA 95401",Santa Rosa,California,95401,United States,707-525-1144,https://islamicsocietysr.org/,,,info@islamicsociety-sr.org,38.4433501,-122.7163454,382,-122.7163454,38.4433501
West Valley Muslim Associatin,"12370 Saratoga Sunnyvale Rd, Saratoga, CA 95070",Saratoga,California,95070,United States,408-805-4560,https://wvmuslim.org/,,,info@wvmuslim.org,37.2886014,-122.0319501,383,-122.0319501,37.2886014
Islamic Society of Monterey County,"405 Elm Ave, Seaside, CA 93955",Seaside,California,93955,United States,831-393-4003,https://ismcca.org/,,,ismc405@gmail.com,36.6080659,-121.8535257,384,-121.8535257,36.6080659
Al Zahra Islamic Center,"8152 Seville Ave, South Gate, CA 90280",South Gate,California,90280,United States,323-835-0633,https://www.elzahra.org/,,,info@elzahra.org,33.9630483,-118.222182,385,-118.222182,33.9630483
Masjid As Sadiq,"2065 E 8th St, Stockton, CA 95206",Stockton,California,95206,United States,209-941-4915,https://masjid.assiddiq.org/,,,masjid@assiddiq.org,37.9345355,-121.2538064,386,-121.2538064,37.9345355
Stockton Student Mosque,"1219 El Monte St, Stockton, CA 95207",Stockton,California,95207,United States,209-474-3184,http://www.masjidalemaan.com/,,,info@masjidalemaan.com,37.9843635,-121.3190086,387,-121.3190086,37.9843635
Masjid Al-Emaan,"4212 N Pershing Ave, Stockton, CA 95207",Stockton,California,95207,United States,209-688-2594,https://masjidulemaan.com/,,,info@masjidulemaan.com,37.9844709,-121.3194469,388,-121.3194469,37.9844709
Islamic Center of Sunnyvale,"1260 Persian Dr a1, Sunnyvale, CA 94089",Sunnyvale,California,94089,United States,408-274-5514,https://tahausa.org/,,,admin@tahausa.org,37.4061044,-121.9976496,389,-121.9976496,37.4061044
Islamic Center of Temecula Valley,"42188 Rio Nedo Rd a, Temecula, CA 92590",Temecula,California,92590,United States,951-296-6601,https://icotv.org/,Br. Bahat Akari,Education Committe Chairperson,secretary@icotv.org,33.5123541,-117.1710739,390,-117.1710739,33.5123541
Tracy Islamic Center,"11970 W Larch Rd, Tracy, CA 95304",Tracy,California,95304,United States,209-830-6286,https://www.tracyislamiccenter.org/,,,info@tracyislamiccenter.org,37.7647205,-121.4526259,391,-121.4526259,37.7647205
Islamic Society of Tracy,"1801-1975 W 11th St, Tracy, CA 95376",Tracy,California,95376,United States,209-839-2275,https://www.isotracy.org/,,,isotracyca@gmail.com,37.740057,-121.4509743,392,-121.4509743,37.740057
Jafaria Islamic Society,"A, 642 S B St, Tustin, CA 92780",Tustin,California,92780,United States,323-560-8002,https://www.jafaria.org/jafaria_site/,,,INFO@JAFARIA.ORG,33.7390655,-117.8263846,393,-117.8263846,33.7390655
Islamic Center of Vallejo,"727 Sonoma Blvd, Vallejo, CA 94590",Vallejo,California,94590,United States,707-558-8229,https://www.islamiccenterofvallejo.org/,,,,38.0882724,-122.2444117,394,-122.2444117,38.0882724
Masjid Al Ittehad,"925 Anza Ave, Vista, CA 92084",Vista,California,92084,United States,760-954-9544,https://www.masjidalittehad.com/,,,info@masjidalittehad.com,33.2117886,-117.2316333,395,-117.2316333,33.2117886
Masjid Al-Furqan,"659 S Brea Canyon Rd, Diamond Bar, CA 91789",Walnut,California,91789,United States,909-594-1310,http://markazalfurqaan.org/,,,info@markazalfurqaan.org,34.0057837,-117.8482223,396,-117.8482223,34.0057837
Masjid Aisha,"700 Glide Ave, West Sacramento, CA 95691",West Sacramento,California,95691,United States,916-372-9031,https://masjidaisha.com/,,,info@masjidaisha.com,38.5811078,-121.5452515,397,-121.5452515,38.5811078
Salam Islamic Center,"Salam Center Mosque, 4545 College Oak Dr, Sacramento, CA 95841",Sacramento,California,95841,United States,916-979-1933,https://salamcenter.org/,,,officemanager@salamcenter.org,38.6473778,-121.3512147,398,-121.3512147,38.6473778
Islamic Center of Boulder,"1530 Culver Ct, Boulder, CO 80303",Boulder,Colorado,80303,United States,303-444-6345,https://bouldermuslims.com/,,,,40.0136067,-105.2577206,399,-105.2577206,40.0136067
Masjid Al-Farooq | Islamic Society of Colorado Springs,"2125 N Chestnut St, Colorado Springs, CO 80907",Colorado Springs,Colorado,80907,United States,719-632-3364,https://iscs.info/,,,iscs.info.contact@gmail.com,38.863937,-104.8359346,400,-104.8359346,38.863937
Rocky Mountain Islamic Center,"7510 W Mississippi Ave #0, Lakewood, CO 80226",Lakewood,Colorado,80226,United States,720-583-4463,,,,rmislamiccenter@gmail.com,39.6956151,-105.0801732,401,-105.0801732,39.6956151
An-Nur Masjid | Deven Islamic Society,"2124 S Birch St, Denver, CO 80222",Denver,Colorado,80222,United States,303-759-1985,,,,dis.birchstreet@gmail.com,39.6776297,-104.935989,402,-104.935989,39.6776297
Masjid abu Bakr | Colorado Muslim Society,"2071 S Parker Rd, Denver, CO 80231",Denver,Colorado,80231,United States,303-696-9800,https://coloradomuslimsociety.org/,,,denvermosque@yahoo.com,39.6789044,-104.8769873,403,-104.8769873,39.6789044
South Denver Islamic Society,"7007 S Clinton St, Greenwood Village, CO 80112",Greenwood Village,Colorado,80112,United States,720-772-7342,https://www.khadeejah.org/,,,president@masjidkhadeejah.org,39.5895181,-104.8800331,404,-104.8800331,39.5895181
Masjid Ikhlas | Metropolitan Denver North Islamic Center,"Irma Dr, Denver, CO 80233",Northglenn,Colorado,80233,United States,303-920-0252,www.masjidikhlas.org/,,,office@masjidikhlas.org,39.902607,-104.9667939,405,-104.9667939,39.902607
Bosmian Educational And Cultural Center,"7280 Irving St b206, Westminster, CO 80030",Westminister,Colorado,80030,United States,303-283-6004,https://becca-chicago.com/,,,info@bicc-chicago.com,39.8287904,-105.029041,406,-105.029041,39.8287904
Farmington Valley American Muslim Center,"35 Harris Rd, Avon, CT 06001",Avon,Connecticut,6001,United States,860-673-9680,https://www.fvamc.org/,,,info@fvamc.org,41.7665175,-72.8596083,407,-72.8596083,41.7665175
Islamic Society of Greater Hartford,"1781 Wilbur Cross Hwy, Berlin, CT 06037",Berlin,Connecticut,6037,United States,860-829-6411,https://www.berlinmosque.org/,Dr. Fadi Hammami,Co-President,webmaster@berlinmosque.or,41.6031877,-72.7515077,408,-72.7515077,41.6031877
BridgePort Islamic Community Center,"525 Clinton Ave, Bridgeport, CT 06605",Bridgeport,Connecticut,6605,United States,203-362-2527,https://www.mybicc.org/,,,info@mybicc.org,41.1746635,-73.2104147,409,-73.2104147,41.1746635
Masjid An-Noor | Bridgeport Islamic Society,"1300 Fairfield Ave, Bridgeport, CT 06605",Bridgeport,Connecticut,6605,United States,203-579-221,https://masjidan-noor.com/,,,media.masjidannoor@gmail.com,41.1741708,-73.2090201,410,-73.2090201,41.1741708
Danbury Masjid | Islamic Society of Western Connecticut,"Main St, Danbury, CT 06810",Danbury,Connecticut,6810,United States,203-744-1328,http://danburymasjid.com/,,,iswcdanburymasjid@gmail.com,41.3959708,-73.4539922,411,-73.4539922,41.3959708
Masjid Al Hedaya | Muslim Society of Greater Danbury,"18 Great Plain Rd, Danbury, CT 06810",Danbury,Connecticut,6810,United States,203-300-9326,https://hedayacenter.org/,,,eman.school@gmail.org,41.4140372,-73.4380481,412,-73.4380481,41.4140372
Islamic Center of Connecticut,"Hartford, CT 06115",Hartford,Connecticut,6115,United States,860-249-0112,http://icct.org/,,,"webmaster@icct.org, info@icct.org",41.7650031,-72.6871781,413,-72.6871781,41.7650031
Mosque Baitul Aman,"Meriden, CT 06451",Meriden,Connecticut,6451,United States,860-670-6402,https://edu.ahmadiyya.us/,,,Connecticut@mkausa.org,41.5385097,-72.8220064,414,-72.8220064,41.5385097
